,Name,ISIN,Current Weight,Index Action,New Index Weight,Suggested Action
0,NVIDIA CORP,US67066G1040,0.0451922329,ADD,0.05,ADD
1,MICROSOFT CORP,US5949181045,0.0446328147,WEIGHT_CHANGE,0.042,DECREASE
2,APPLE INC,US0378331005,0.0420667063,,,HOLD
3,AMAZON COM INC,US0231351067,0.026701832,,,HOLD
4,META PLATFORMS INC CLASS A,US30303M1027,0.0193056036,,,HOLD
5,BROADCOM INC,US11135F1012,0.0142800821,,,HOLD
6,ALPHABET INC CLASS A,US02079K3059,0.0138877202,,,HOLD
7,TESLA INC,US88160R1014,0.0137082329,REMOVE,,SELL
8,ALPHABET INC CLASS C,US02079K1079,0.0118905819,,,HOLD
9,JPMORGAN CHASE,US46625H1005,0.0102091945,,,HOLD
10,BERKSHIRE HATHAWAY INC CLASS B,US0846707026,0.0093233939,,,HOLD
11,VISA INC CLASS A,US92826C8394,0.0086147378,,,HOLD
12,ELI LILLY,US5324571083,0.0080083633,,,HOLD
13,NETFLIX INC,US64110L1061,0.0070485663,,,HOLD
14,MASTERCARD INC CLASS A,US57636Q1040,0.0065043071,,,HOLD
15,EXXON MOBIL CORP,US30231G1022,0.0062956963,,,HOLD
16,COSTCO WHOLESALE CORP,US22160K1051,0.0062867864,,,HOLD
17,WALMART INC,US9311421039,0.0058704489,,,HOLD
18,PROCTER & GAMBLE,US7427181091,0.0053942344,,,HOLD
19,JOHNSON & JOHNSON,US4781601046,0.0051005554,,,HOLD
20,HOME DEPOT INC,US4370761029,0.0050462614,,,HOLD
21,ABBVIE INC,US00287Y1091,0.0044874159,,,HOLD
22,SAP,DE0007164600,0.0043397307,,,HOLD
23,BANK OF AMERICA CORP,US0605051046,0.0041232321,,,HOLD
24,ASML HOLDING NV,NL0010273215,0.004047292,,,HOLD
25,COCA-COLA,US1912161007,0.004033383,,,HOLD
26,NESTLE SA,CH0038863350,0.0038752814,,,HOLD
27,UNITEDHEALTH GROUP INC,US91324P1021,0.0037978736,,,HOLD
28,PHILIP MORRIS INTERNATIONAL INC,US7181721090,0.0037813266,,,HOLD
29,SALESFORCE INC,US79466L3024,0.0037642712,,,HOLD
30,ORACLE CORP,US68389X1054,0.0036641586,,,HOLD
31,PALANTIR TECHNOLOGIES INC CLASS A,US69608A1088,0.0035649562,,,HOLD
32,CISCO SYSTEMS INC,US17275R1023,0.0034920881,,,HOLD
33,GE AEROSPACE,US3696043013,0.0034692657,,,HOLD
34,WELLS FARGO,US9497461015,0.003349476,,,HOLD
35,INTERNATIONAL BUSINESS MACHINES CO,US4592001014,0.0033110393,,,HOLD
36,CHEVRON CORP,US1667641005,0.0032130129,,,HOLD
37,ABBOTT LABORATORIES,US0028241000,0.0031647944,,,HOLD
38,MCDONALDS CORP,US5801351017,0.0031273872,,,HOLD
39,NOVARTIS AG,CH0012005267,0.0030702247,,,HOLD
40,ROCHE HOLDING PAR AG,CH0012032048,0.0030451089,,,HOLD
41,LINDE PLC,IE000S9YS762,0.0030258779,,,HOLD
42,ASTRAZENECA PLC,GB0009895292,0.0030037889,,,HOLD
43,NOVO NORDISK CLASS B,DK0062498333,0.0029989709,,,HOLD
44,HSBC HOLDINGS PLC,GB0005405286,0.002953064,,,HOLD
45,SERVICENOW INC,US81762P1021,0.0028985463,,,HOLD
46,SHELL PLC,GB00BP6MXD84,0.0027804245,,,HOLD
47,WALT DISNEY,US2546871060,0.0027784381,,,HOLD
48,ACCENTURE PLC CLASS A,IE00B4BNMY34,0.0027259985,,,HOLD
49,AT&T INC,US00206R1023,0.0027222656,,,HOLD
50,MERCK & CO INC,US58933Y1055,0.0027139858,,,HOLD
51,INTUITIVE SURGICAL INC,US46120E6023,0.0026810166,,,HOLD
52,GOLDMAN SACHS GROUP INC,US38141G1040,0.0025899879,,,HOLD
53,INTUIT INC,US4612021034,0.0025837516,,,HOLD
54,COMMONWEALTH BANK OF AUSTRALIA,AU000000CBA7,0.0025793191,,,HOLD
55,SIEMENS N AG,DE0007236101,0.0025694738,,,HOLD
56,ADOBE INC,US00724F1012,0.0025060458,ADD,0.01,ADD
57,VERIZON COMMUNICATIONS INC,US92343V1044,0.0025046275,,,HOLD
58,ADVANCED MICRO DEVICES INC,US0079031078,0.0025032245,,,HOLD
59,ROYAL BANK OF CANADA,CA7800871021,0.0024850857,,,HOLD
60,BOOKING HOLDINGS INC,US09857L1089,0.0024701073,,,HOLD
61,PEPSICO INC,US7134481081,0.0024648019,,,HOLD
62,RTX CORP,US75513E1010,0.0024601735,,,HOLD
63,TOYOTA MOTOR CORP,JP3633400001,0.0024043261,,,HOLD
64,CATERPILLAR INC,US1491231015,0.0023073922,,,HOLD
65,UBER TECHNOLOGIES INC,US90353T1007,0.0022988824,,,HOLD
66,QUALCOMM INC,US7475251036,0.00228375,,,HOLD
67,TEXAS INSTRUMENT INC,US8825081040,0.0022783376,,,HOLD
68,S&P GLOBAL INC,US78409V1044,0.0022624279,,,HOLD
69,PROGRESSIVE CORP,US7433151039,0.0022610712,,,HOLD
70,AMERICAN EXPRESS,US0258161092,0.0022477261,,,HOLD
71,SONY GROUP CORP,JP3435000009,0.0021725026,,,HOLD
72,MITSUBISHI UFJ FINANCIAL GROUP INC,JP3902900004,0.002157861,,,HOLD
73,UNILEVER PLC,GB00B10RZP78,0.0021497651,,,HOLD
74,BOSTON SCIENTIFIC CORP,US1011371077,0.0021371385,,,HOLD
75,THERMO FISHER SCIENTIFIC INC,US8835561023,0.002125127,,,HOLD
76,BOEING,US0970231058,0.0021191535,,,HOLD
77,ALLIANZ,DE0008404005,0.0021087997,,,HOLD
78,MORGAN STANLEY,US6174464486,0.0020993624,,,HOLD
79,CHARLES SCHWAB CORP,US8085131055,0.0020868214,,,HOLD
80,LVMH,FR0000121014,0.0020802727,,,HOLD
81,TJX INC,US8725401090,0.0020270132,,,HOLD
82,HONEYWELL INTERNATIONAL INC,US4385161066,0.0020228171,,,HOLD
83,AMGEN INC,US0311621009,0.0020167753,,,HOLD
84,BLACKROCK INC,US09290D1019,0.00197863,,,HOLD
85,CITIGROUP INC,US1729674242,0.00192235,,,HOLD
86,NEXTERA ENERGY INC,US65339F1012,0.0018887226,,,HOLD
87,SCHNEIDER ELECTRIC,FR0000121972,0.0018766889,,,HOLD
88,DEUTSCHE TELEKOM N AG,DE0005557508,0.0018670689,,,HOLD
89,UNION PACIFIC CORP,US9078181081,0.0018629366,,,HOLD
90,COMCAST CORP CLASS A,US20030N1019,0.0018521398,,,HOLD
91,DEERE,US2441991054,0.0018425155,,,HOLD
92,GILEAD SCIENCES INC,US3755581036,0.0018278897,,,HOLD
93,APPLIED MATERIAL INC,US0382221051,0.0018233497,,,HOLD
94,AUTOMATIC DATA PROCESSING INC,US0530151036,0.0018192429,,,HOLD
95,STRYKER CORP,US8636671013,0.0018088985,,,HOLD
96,PFIZER INC,US7170811035,0.0017987748,,,HOLD
97,EATON PLC,IE00B8KQN827,0.0017544042,,,HOLD
98,T MOBILE US INC,US8725901040,0.00174639,,,HOLD
99,LOWES COMPANIES INC,US5486611073,0.0017399574,,,HOLD
100,GE VERNOVA INC,US36828A1016,0.001735106,,,HOLD
101,BHP GROUP LTD,AU000000BHP4,0.0017324467,,,HOLD
102,SHOPIFY SUBORDINATE VOTING INC CLA,CA82509L1076,0.0017254578,,,HOLD
103,TOTALENERGIES,FR0000120271,0.0017231834,,,HOLD
104,BANCO SANTANDER SA,ES0113900J37,0.0017088589,,,HOLD
105,PALO ALTO NETWORKS INC,US6974351057,0.0017063663,,,HOLD
106,CAPITAL ONE FINANCIAL CORP,US14040H1059,0.0016884591,,,HOLD
107,DANAHER CORP,US2358511028,0.001679059,,,HOLD
108,LAIR LIQUIDE SOCIETE ANONYME POUR,FR0000120073,0.0016669914,,,HOLD
109,HITACHI LTD,JP3788600009,0.0016649841,,,HOLD
110,SANOFI SA,FR0000120578,0.0016613095,,,HOLD
111,MERCADOLIBRE INC,US58733R1023,0.0016428254,,,HOLD
112,TORONTO DOMINION,CA8911605092,0.0016093978,,,HOLD
113,CONOCOPHILLIPS,US20825C1045,0.0015469744,,,HOLD
114,VERTEX PHARMACEUTICALS INC,US92532F1003,0.0015432041,,,HOLD
115,MARSH & MCLENNAN INC,US5717481023,0.0015392412,,,HOLD
116,CHUBB LTD,CH0044328745,0.0015150954,,,HOLD
117,AIRBUS,NL0000235190,0.0015016432,,,HOLD
118,CROWDSTRIKE HOLDINGS INC CLASS A,US22788C1053,0.0014998528,,,HOLD
119,US DOLLAR,_CURRENCYUSD,0.0014838274,,,HOLD
120,IBERDROLA SA,ES0144580Y14,0.0014762295,,,HOLD
121,LAM RESEARCH CORP,US5128073062,0.0014661465,,,HOLD
122,ANALOG DEVICES INC,US0326541051,0.0014592702,,,HOLD
123,SAFRAN SA,FR0000073272,0.0014541274,,,HOLD
124,MICRON TECHNOLOGY INC,US5951121038,0.0014475231,,,HOLD
125,UBS GROUP AG,CH0244767585,0.001443893,,,HOLD
126,COMPAGNIE FINANCIERE RICHEMONT SA,CH0210483332,0.0014383472,,,HOLD
127,AMPHENOL CORP CLASS A,US0320951017,0.0014371954,,,HOLD
128,MEDTRONIC PLC,IE00BTN1Y115,0.0014367904,,,HOLD
129,LOREAL SA,FR0000120321,0.0014263878,,,HOLD
130,KLA CORP,US4824801009,0.0014183719,,,HOLD
131,RELX PLC,GB00B2B0DG97,0.0014139829,,,HOLD
132,ZURICH INSURANCE GROUP AG,CH0011075394,0.0014056901,,,HOLD
133,CME GROUP INC CLASS A,US12572Q1058,0.0013953698,,,HOLD
134,ALTRIA GROUP INC,US02209S1033,0.0013912019,,,HOLD
135,LOCKHEED MARTIN CORP,US5398301094,0.0013877425,,,HOLD
136,INTERCONTINENTAL EXCHANGE INC,US45866F1049,0.001382768,,,HOLD
137,BLACKSTONE INC,US09260D1072,0.0013715771,,,HOLD
138,ENBRIDGE INC,CA29250N1050,0.0013655004,,,HOLD
139,ARISTA NETWORKS INC,US0404132054,0.0013623783,,,HOLD
140,SPOTIFY TECHNOLOGY SA,LU1778762911,0.0013512217,,,HOLD
141,AMERICAN TOWER REIT CORP,US03027X1000,0.0013497404,,,HOLD
142,ROLLS-ROYCE HOLDINGS PLC,GB00B63H8491,0.001342688,,,HOLD
143,PROLOGIS REIT INC,US74340W1036,0.0013404719,,,HOLD
144,SOUTHERN,US8425871071,0.001321745,,,HOLD
145,BRISTOL MYERS SQUIBB,US1101221083,0.0013184852,,,HOLD
146,STARBUCKS CORP,US8552441094,0.001316873,,,HOLD
147,TRANE TECHNOLOGIES PLC,IE00BK9ZQ967,0.0013087346,,,HOLD
148,SUMITOMO MITSUI FINANCIAL GROUP IN,JP3890350006,0.0012957531,,,HOLD
149,UNICREDIT,IT0005239360,0.0012858566,,,HOLD
150,WASTE MANAGEMENT INC,US94106L1098,0.0012822397,,,HOLD
151,AIA GROUP LTD,HK0000069689,0.0012742546,,,HOLD
152,FISERV INC,US3377381088,0.0012739894,,,HOLD
153,MCKESSON CORP,US58155Q1031,0.0012651105,,,HOLD
154,BANCO BILBAO VIZCAYA ARGENTARIA SA,ES0113211835,0.0012590972,,,HOLD
155,BNP PARIBAS SA,FR0000131104,0.0012570359,,,HOLD
156,MICROSTRATEGY INC CLASS A,US5949724083,0.0012554035,,,HOLD
157,WELLTOWER INC,US95040Q1040,0.0012524663,,,HOLD
158,CONSTELLATION ENERGY CORP,US21037T1097,0.0012495067,,,HOLD
159,ABB LTD,CH0012221716,0.0012387151,,,HOLD
160,BRITISH AMERICAN TOBACCO,GB0002875804,0.0012290825,,,HOLD
161,MUENCHENER RUECKVERSICHERUNGS-GESE,DE0008430026,0.0012221635,,,HOLD
162,ELEVANCE HEALTH INC,US0367521038,0.0012193952,,,HOLD
163,MONDELEZ INTERNATIONAL INC CLASS A,US6092071058,0.0012150679,,,HOLD
164,CADENCE DESIGN SYSTEMS INC,US1273871087,0.0012143389,,,HOLD
165,INTEL CORPORATION CORP,US4581401001,0.0012129999,,,HOLD
166,DUKE ENERGY CORP,US26441C2044,0.0012107668,,,HOLD
167,RHEINMETALL AG,DE0007030009,0.0012102214,,,HOLD
168,ESSILORLUXOTTICA SA,FR0000121667,0.0012047153,,,HOLD
169,CIGNA,US1255231003,0.0012019894,,,HOLD
170,HERMES INTERNATIONAL,FR0000052292,0.0012014815,,,HOLD
171,NINTENDO LTD,JP3756600007,0.0011812438,,,HOLD
172,PARKER-HANNIFIN CORP,US7010941042,0.0011646723,,,HOLD
173,ARTHUR J GALLAGHER,US3635761097,0.0011636907,,,HOLD
174,SHERWIN WILLIAMS,US8243481061,0.0011633308,,,HOLD
175,INTESA SANPAOLO,IT0000072618,0.0011600142,,,HOLD
176,AXA SA,FR0000120628,0.0011597572,,,HOLD
177,KEYENCE CORP,JP3236200006,0.0011585327,,,HOLD
178,EQUINIX REIT INC,US29444U7000,0.0011474971,,,HOLD
179,3M,US88579Y1010,0.0011474805,,,HOLD
180,RECRUIT HOLDINGS LTD,JP3970300004,0.0011379829,,,HOLD
181,GLAXOSMITHKLINE,GB00BN7SWP63,0.0011046455,,,HOLD
182,CINTAS CORP,US1729081059,0.0011008548,,,HOLD
183,O REILLY AUTOMOTIVE INC,US67103H1077,0.0010941759,,,HOLD
184,BROOKFIELD CORP CLASS A,CA11271J1075,0.0010849352,,,HOLD
185,TRANSDIGM GROUP INC,US8936411003,0.0010795915,,,HOLD
186,BP PLC,GB0007980591,0.0010704948,,,HOLD
187,SYNOPSYS INC,US8716071076,0.0010657246,,,HOLD
188,MOODYS CORP,US6153691059,0.0010543556,,,HOLD
189,CSL LTD,AU000000CSL8,0.0010529284,,,HOLD
190,CANADIAN PACIFIC KANSAS CITY LTD,CA13646K1084,0.0010486936,,,HOLD
191,BANK OF MONTREAL,CA0636711016,0.0010433121,,,HOLD
192,CVS HEALTH CORP,US1266501006,0.0010398062,,,HOLD
193,BAE SYSTEMS PLC,GB0002634946,0.0010339745,,,HOLD
194,ENEL,IT0003128367,0.0010274138,,,HOLD
195,VINCI SA,FR0000125486,0.0010262634,,,HOLD
196,NATIONAL AUSTRALIA BANK LTD,AU000000NAB4,0.0010229853,,,HOLD
197,ZOETIS INC CLASS A,US98978V1035,0.0010207605,,,HOLD
198,APPLOVIN CORP CLASS A,US03831W1080,0.0010131546,,,HOLD
199,NIKE INC CLASS B,US6541061031,0.0010076017,,,HOLD
200,DEUTSCHE GLOBAL LIQUIDITY SERI,IE00BYQNZ507,0.0010047198,,,HOLD
201,KKR AND CO INC,US48251W1045,0.0010033782,,,HOLD
202,HCA HEALTHCARE INC,US40412C1018,0.0009987576,,,HOLD
203,LONDON STOCK EXCHANGE GROUP PLC,GB00B0SWJX34,0.0009959392,,,HOLD
204,PROSUS NV CLASS N,NL0013654783,0.0009955476,,,HOLD
205,CONSTELLATION SOFTWARE INC,CA21037X1006,0.0009933964,,,HOLD
206,ILLINOIS TOOL INC,US4523081093,0.0009907772,,,HOLD
207,TOKIO MARINE HOLDINGS INC,JP3910660004,0.0009898909,,,HOLD
208,NATIONAL GRID PLC,GB00BDR05C01,0.00098174,,,HOLD
209,TOKYO ELECTRON LTD,JP3571400005,0.0009789863,,,HOLD
210,UNITED PARCEL SERVICE INC CLASS B,US9113121068,0.0009774227,,,HOLD
211,COLGATE-PALMOLIVE,US1941621039,0.0009755947,,,HOLD
212,ING GROEP NV,NL0011821202,0.000974849,,,HOLD
213,MOTOROLA SOLUTIONS INC,US6200763075,0.0009712846,,,HOLD
214,CHIPOTLE MEXICAN GRILL INC,US1696561059,0.0009654631,,,HOLD
215,DOORDASH INC CLASS A,US25809K1051,0.0009630453,,,HOLD
216,RIO TINTO ORD,GB0007188757,0.000962897,,,HOLD
217,WESTPAC BANKING CORPORATION CORP,AU000000WBC1,0.000961029,,,HOLD
218,WILLIAMS INC,US9694571004,0.0009565596,,,HOLD
219,AON PLC CLASS A,IE00BLP1HW54,0.0009562401,,,HOLD
220,MITSUBISHI HEAVY INDUSTRIES LTD,JP3900000005,0.0009527398,,,HOLD
221,PNC FINANCIAL SERVICES GROUP INC,US6934751057,0.0009501556,,,HOLD
222,PAYPAL HOLDINGS INC,US70450Y1038,0.0009442825,,,HOLD
223,MITSUBISHI CORP,JP3898400001,0.0009423778,,,HOLD
224,US BANCORP,US9029733048,0.0009385972,,,HOLD
225,FORTINET INC,US34959E1091,0.0009362243,,,HOLD
226,EMERSON ELECTRIC,US2910111044,0.0009282749,,,HOLD
227,DBS GROUP HOLDINGS LTD,SG1L01001701,0.0009213725,,,HOLD
228,NORTHROP GRUMMAN CORP,US6668071029,0.0009141581,,,HOLD
229,LLOYDS BANKING GROUP PLC,GB0008706128,0.0009127718,,,HOLD
230,MIZUHO FINANCIAL GROUP INC,JP3885780001,0.0009101013,,,HOLD
231,ECOLAB INC,US2788651006,0.0009092157,,,HOLD
232,AUTOZONE INC,US0533321024,0.0009078663,,,HOLD
233,BANK OF NEW YORK MELLON CORP,US0640581007,0.0009078057,,,HOLD
234,CANADIAN NATURAL RESOURCES LTD,CA1363851017,0.0009077098,,,HOLD
235,BARCLAYS PLC,GB0031348658,0.0009061018,,,HOLD
236,CRH PUBLIC LIMITED PLC,IE0001827041,0.0009054837,,,HOLD
237,JOHNSON CONTROLS INTERNATIONAL PLC,IE00BY7QL619,0.0009021759,,,HOLD
238,REGENERON PHARMACEUTICALS INC,US75886F1075,0.0008904417,,,HOLD
239,HOWMET AEROSPACE INC,US4432011082,0.0008867713,,,HOLD
240,AUTODESK INC,US0527691069,0.0008803073,,,HOLD
241,GENERAL DYNAMICS CORP,US3695501086,0.000879011,,,HOLD
242,CANADIAN IMPERIAL BANK OF COMMERCE,CA1360691010,0.0008773788,,,HOLD
243,MARRIOTT INTERNATIONAL INC CLASS A,US5719032022,0.0008654508,,,HOLD
244,BANK OF NOVA SCOTIA,CA0641491075,0.0008623554,,,HOLD
245,FERRARI NV,NL0011585146,0.0008571911,,,HOLD
246,ITOCHU CORP,JP3143600009,0.0008563948,,,HOLD
247,ANHEUSER-BUSCH INBEV SA,BE0974293251,0.0008561031,,,HOLD
248,FAST RETAILING LTD,JP3802300008,0.0008547856,,,HOLD
249,COMPASS GROUP PLC,GB00BD6K4575,0.0008544155,,,HOLD
250,EOG RESOURCES INC,US26875P1012,0.0008523951,,,HOLD
251,DIAGEO PLC,GB0002374006,0.000851538,,,HOLD
252,DEUTSCHE BOERSE AG,DE0005810055,0.0008503444,,,HOLD
253,HILTON WORLDWIDE HOLDINGS INC,US43300A2033,0.0008503045,,,HOLD
254,ROPER TECHNOLOGIES INC,US7766961061,0.0008471065,,,HOLD
255,WESFARMERS LTD,AU000000WES1,0.0008422971,,,HOLD
256,AGNICO EAGLE MINES LTD,CA0084741085,0.0008422286,,,HOLD
257,TRAVELERS COMPANIES INC,US89417E1091,0.0008419807,,,HOLD
258,NEWMONT,US6516391066,0.0008403003,,,HOLD
259,HONG KONG EXCHANGES AND CLEARING L,HK0388045442,0.0008377048,,,HOLD
260,ROYAL CARIBBEAN GROUP LTD,LR0008862868,0.0008368152,,,HOLD
261,CSX CORP,US1264081035,0.0008312296,,,HOLD
262,SNOWFLAKE INC CLASS A,US8334451098,0.000830084,,,HOLD
263,INDUSTRIA DE DISENO TEXTIL INDITEX,ES0148396007,0.0008299979,,,HOLD
264,AIR PRODUCTS AND CHEMICALS INC,US0091581068,0.0008250938,,,HOLD
265,SEA ADS REPRESENTING LTD CLASS A,US81141R1005,0.0008195794,,,HOLD
266,SIEMENS ENERGY N AG,DE000ENER6Y0,0.0008188905,,,HOLD
267,HOLCIM LTD AG,CH0012214059,0.0008156853,,,HOLD
268,CANADIAN NATIONAL RAILWAY,CA1363751027,0.000809177,,,HOLD
269,CARRIER GLOBAL CORP,US14448C1045,0.0007975967,,,HOLD
270,WORKDAY INC CLASS A,US98138H1014,0.0007953804,,,HOLD
271,SHIN ETSU CHEMICAL LTD,JP3371200001,0.0007870774,,,HOLD
272,GENERAL MOTORS,US37045V1008,0.0007731712,,,HOLD
273,ANZ GROUP HOLDINGS LTD,AU000000ANZ3,0.0007679502,,,HOLD
274,DIGITAL REALTY TRUST REIT INC,US2538681030,0.000767298,,,HOLD
275,MANULIFE FINANCIAL CORP,CA56501R1064,0.0007658037,,,HOLD
276,AIRBNB INC CLASS A,US0090661010,0.0007650525,,,HOLD
277,KINDER MORGAN INC,US49456B1017,0.0007639035,,,HOLD
278,DANONE SA,FR0000120644,0.0007635197,,,HOLD
279,REPUBLIC SERVICES INC,US7607591002,0.0007633852,,,HOLD
280,SWISS RE AG,CH0126881561,0.0007590306,,,HOLD
281,NORFOLK SOUTHERN CORP,US6558441084,0.0007584006,,,HOLD
282,3I GROUP PLC,GB00B1YW4409,0.0007535897,,,HOLD
283,FREEPORT MCMORAN INC,US35671D8570,0.0007515554,,,HOLD
284,NATWEST GROUP PLC,GB00BM8PJY71,0.0007455966,,,HOLD
285,AFLAC INC,US0010551028,0.0007454225,,,HOLD
286,AXON ENTERPRISE INC,US05464C1018,0.000743568,,,HOLD
287,VISTRA CORP,US92840M1027,0.0007429171,,,HOLD
288,ALLSTATE CORP,US0200021014,0.0007425938,,,HOLD
289,AMERICAN INTERNATIONAL GROUP INC,US0268747849,0.0007392405,,,HOLD
290,KDDI CORP,JP3496400007,0.0007368137,,,HOLD
291,DEUTSCHE BANK AG,DE0005140008,0.000735913,,,HOLD
292,TRUIST FINANCIAL CORP,US89832Q1094,0.0007358479,,,HOLD
293,COMPAGNIE DE SAINT GOBAIN SA,FR0000125007,0.0007323713,,,HOLD
294,MARVELL TECHNOLOGY INC,US5738741041,0.0007316639,,,HOLD
295,MARATHON PETROLEUM CORP,US56585A1025,0.0007309238,,,HOLD
296,MITSUI LTD,JP3893600001,0.0007274433,,,HOLD
297,TC ENERGY CORP,CA87807B1076,0.0007260735,,,HOLD
298,ROSS STORES INC,US7782961038,0.0007245196,,,HOLD
299,COINBASE GLOBAL INC CLASS A,US19260Q1076,0.0007232921,,,HOLD
300,AMERICAN ELECTRIC POWER INC,US0255371017,0.0007228413,,,HOLD
301,CHENIERE ENERGY INC,US16411R2085,0.00072035,,,HOLD
302,INVESTOR CLASS B,SE0015811963,0.0007194592,,,HOLD
303,COPART INC,US2172041061,0.0007181006,,,HOLD
304,APOLLO GLOBAL MANAGEMENT INC,US03769M1062,0.0007170947,,,HOLD
305,INFINEON TECHNOLOGIES AG,DE0006231004,0.0007163951,,,HOLD
306,CENCORA INC,US03073E1055,0.0007099221,,,HOLD
307,LONZA GROUP AG,CH0013841017,0.0007086307,,,HOLD
308,TE CONNECTIVITY PLC,IE000IVNQZ81,0.0007039522,,,HOLD
309,WASTE CONNECTIONS INC,CA94106B1013,0.0007028211,,,HOLD
310,DSV,DK0060079531,0.0007019488,,,HOLD
311,SIMON PROPERTY GROUP REIT INC,US8288061091,0.0007007943,,,HOLD
312,FEDEX CORP,US31428X1063,0.0007001678,,,HOLD
313,QUANTA SERVICES INC,US74762E1029,0.0006994612,,,HOLD
314,EXPERIAN PLC,GB00B19NLV48,0.000696677,,,HOLD
315,PAYCHEX INC,US7043261079,0.0006959559,,,HOLD
316,HALEON PLC,GB00BMX86B70,0.0006947694,,,HOLD
317,AMERIPRISE FINANCE INC,US03076C1062,0.0006907045,,,HOLD
318,SOFTBANK GROUP CORP,JP3436100006,0.0006903626,,,HOLD
319,ONEOK INC,US6826801036,0.0006863795,,,HOLD
320,NXP SEMICONDUCTORS NV,NL0009538784,0.000684857,,,HOLD
321,CLOUDFLARE INC CLASS A,US18915M1071,0.0006818424,,,HOLD
322,BECTON DICKINSON,US0758871091,0.0006811395,,,HOLD
323,KROGER,US5010441013,0.000680123,,,HOLD
324,PACCAR INC,US6937181088,0.0006753803,,,HOLD
325,KIMBERLY CLARK CORP,US4943681035,0.0006748434,,,HOLD
326,RECKITT BENCKISER GROUP PLC,GB00B24CGK77,0.000673604,,,HOLD
327,GIVAUDAN SA,CH0010645932,0.0006671046,,,HOLD
328,SEMPRA,US8168511090,0.0006659548,,,HOLD
329,UNITED RENTALS INC,US9113631090,0.0006656844,,,HOLD
330,FASTENAL,US3119001044,0.0006632886,,,HOLD
331,TAKEDA PHARMACEUTICAL LTD,JP3463000004,0.0006622894,,,HOLD
332,MACQUARIE GROUP LTD DEF,AU000000MQG1,0.0006598615,,,HOLD
333,REALTY INCOME REIT CORP,US7561091049,0.0006572783,,,HOLD
334,SCHLUMBERGER NV,AN8068571086,0.0006561413,,,HOLD
335,L3HARRIS TECHNOLOGIES INC,US5024311095,0.0006553324,,,HOLD
336,ATLAS COPCO CLASS A,SE0017486889,0.0006551472,,,HOLD
337,CORTEVA INC,US22052L1044,0.0006549085,,,HOLD
338,DOMINION ENERGY INC,US25746U1097,0.0006531843,,,HOLD
339,PHILLIPS,US7185461040,0.0006528688,,,HOLD
340,DAIICHI SANKYO LTD,JP3475350009,0.0006516213,,,HOLD
341,WW GRAINGER INC,US3848021040,0.000649609,,,HOLD
342,WOLTERS KLUWER NV,NL0000395903,0.0006494161,,,HOLD
343,METLIFE INC,US59156R1086,0.0006493762,,,HOLD
344,PUBLIC STORAGE REIT,US74460D1090,0.0006449761,,,HOLD
345,KENVUE INC,US49177J1025,0.0006392181,,,HOLD
346,EDWARDS LIFESCIENCES CORP,US28176E1082,0.0006367471,,,HOLD
347,NORDEA BANK,FI4000297767,0.0006355074,,,HOLD
348,MSCI INC,US55354G1004,0.0006354257,,,HOLD
349,CROWN CASTLE INC,US22822V1017,0.000635267,,,HOLD
350,ALCON AG,CH0432492467,0.0006321006,,,HOLD
351,EXELON CORP,US30161N1019,0.0006313473,,,HOLD
352,BASF N,DE000BASF111,0.000629131,,,HOLD
353,DEUTSCHE POST AG,DE0005552004,0.0006284913,,,HOLD
354,MONSTER BEVERAGE CORP,US61174X1090,0.0006279115,,,HOLD
355,SUNCOR ENERGY INC,CA8672241079,0.0006267762,,,HOLD
356,VOLVO CLASS B,SE0000115446,0.000625431,,,HOLD
357,HONDA MOTOR LTD,JP3854600008,0.0006219092,,,HOLD
358,CUMMINS INC,US2310211063,0.0006190237,,,HOLD
359,VERISK ANALYTICS INC,US92345Y1064,0.0006166611,,,HOLD
360,HOYA CORP,JP3837800006,0.0006148,,,HOLD
361,FIDELITY NATIONAL INFORMATION SERV,US31620M1062,0.0006131773,,,HOLD
362,MERCEDES-BENZ GROUP N AG,DE0007100000,0.0006120432,,,HOLD
363,IDEXX LABORATORIES INC,US45168D1046,0.0006071815,,,HOLD
364,TARGET CORP,US87612E1064,0.0006051233,,,HOLD
365,SOCIETE GENERALE SA,FR0000130809,0.000602404,,,HOLD
366,FAIR ISAAC CORP,US3032501047,0.0005999448,,,HOLD
367,FLUTTER ENTERTAINMENT PLC,IE00BWT6H894,0.000595925,,,HOLD
368,SIKA AG,CH0418792922,0.0005957677,,,HOLD
369,KEURIG DR PEPPER INC,US49271V1008,0.000591193,,,HOLD
370,ADIDAS N AG,DE000A1EWWW0,0.0005884026,,,HOLD
371,FORD MOTOR,US3453708600,0.0005882545,,,HOLD
372,SOFTBANK CORP,JP3732000009,0.0005852515,,,HOLD
373,VALERO ENERGY CORP,US91913Y1001,0.0005828171,,,HOLD
374,MITSUBISHI ELECTRIC CORP,JP3902400005,0.0005800038,,,HOLD
375,GOODMAN GROUP UNITS,AU000000GMG2,0.0005796007,,,HOLD
376,OVERSEA-CHINESE BANKING LTD,SG1S04926220,0.0005745555,,,HOLD
377,AMETEK INC,US0311001004,0.0005737233,,,HOLD
378,WHEATON PRECIOUS METALS CORP,CA9628791027,0.0005698784,,,HOLD
379,OTIS WORLDWIDE CORP,US68902V1070,0.0005688033,,,HOLD
380,PUBLIC SERVICE ENTERPRISE GROUP IN,US7445731067,0.0005651946,,,HOLD
381,TAKE TWO INTERACTIVE SOFTWARE INC,US8740541094,0.0005644986,,,HOLD
382,YUM BRANDS INC,US9884981013,0.0005641007,,,HOLD
383,XCEL ENERGY INC,US98389B1008,0.0005634206,,,HOLD
384,E.ON N,DE000ENAG999,0.0005606451,,,HOLD
385,FUJITSU LTD,JP3818000006,0.0005600488,,,HOLD
386,ADYEN NV,NL0012969182,0.0005549291,,,HOLD
387,ROBINHOOD MARKETS INC CLASS A,US7707001027,0.0005523118,,,HOLD
388,KONINKLIJKE AHOLD DELHAIZE NV,NL0011794037,0.0005510294,,,HOLD
389,NATIONAL BANK OF CANADA,CA6330671034,0.0005504078,,,HOLD
390,COGNIZANT TECHNOLOGY SOLUTIONS COR,US1924461023,0.000550369,,,HOLD
391,SUN LIFE FINANCIAL INC,CA8667961053,0.0005492803,,,HOLD
392,CORNING INC,US2193501051,0.0005492251,,,HOLD
393,ROBLOX CORP CLASS A,US7710491033,0.000543717,,,HOLD
394,INTACT FINANCIAL CORP,CA45823T1066,0.0005420432,,,HOLD
395,ENGIE SA,FR0010208488,0.0005420276,,,HOLD
396,PRUDENTIAL FINANCIAL INC,US7443201022,0.0005390698,,,HOLD
397,VULCAN MATERIALS,US9291601097,0.0005363201,,,HOLD
398,ALIMENTATION COUCHE TARD INC,CA01626P1484,0.0005354992,,,HOLD
399,ALNYLAM PHARMACEUTICALS INC,US02043Q1076,0.0005335345,,,HOLD
400,CBRE GROUP INC CLASS A,US12504L1098,0.0005328005,,,HOLD
401,FERGUSON ENTERPRISES INC,US31488V1070,0.0005315091,,,HOLD
402,RESMED INC,US7611521078,0.0005271839,,,HOLD
403,ANGLO AMERICAN PLC,GB00B1XZS820,0.0005268912,,,HOLD
404,CHARTER COMMUNICATIONS INC CLASS A,US16119P1084,0.0005261722,,,HOLD
405,ROCKWELL AUTOMATION INC,US7739031091,0.0005257811,,,HOLD
406,BAKER HUGHES CLASS A,US05722G1004,0.000525061,,,HOLD
407,CONSOLIDATED EDISON INC,US2091151041,0.0005227515,,,HOLD
408,GLENCORE PLC,JE00B4T3BW64,0.0005223071,,,HOLD
409,UNITED OVERSEAS BANK LTD,SG1M31001969,0.0005218119,,,HOLD
410,PG&E CORP,US69331C1080,0.0005212609,,,HOLD
411,VEEVA SYSTEMS INC CLASS A,US9224751084,0.0005209875,,,HOLD
412,HESS CORP,US42809H1077,0.000520727,,,HOLD
413,SYSCO CORP,US8718291078,0.0005197566,,,HOLD
414,HARTFORD INSURANCE GROUP INC,US4165151048,0.0005197246,,,HOLD
415,NASDAQ INC,US6311031081,0.0005179044,,,HOLD
416,AMADEUS IT GROUP SA,ES0109067019,0.0005165584,,,HOLD
417,VERTIV HOLDINGS CLASS A,US92537N1081,0.0005160906,,,HOLD
418,EURO CURRENCY,_CURRENCYEUR,0.0005127448,,,HOLD
419,CARDINAL HEALTH INC,US14149Y1082,0.0005126882,,,HOLD
420,GARTNER INC,US3666511072,0.0005114417,,,HOLD
421,MARTIN MARIETTA MATERIALS INC,US5732841060,0.0005112453,,,HOLD
422,ARGENX,NL0010832176,0.0005089913,,,HOLD
423,ARCH CAPITAL GROUP LTD,BMG0450A1053,0.0005088948,,,HOLD
424,JAPAN TOBACCO INC,JP3726800000,0.0005088577,,,HOLD
425,EBAY INC,US2786421030,0.0005087798,,,HOLD
426,ELECTRONIC ARTS INC,US2855121099,0.0005075475,,,HOLD
427,ADVANTEST CORP,JP3122400009,0.0005054286,,,HOLD
428,GENERALI,IT0000062072,0.0005020714,,,HOLD
429,ENTERGY CORP,US29364G1031,0.0004986315,,,HOLD
430,LULULEMON ATHLETICA INC,US5500211090,0.0004956804,,,HOLD
431,CHUGAI PHARMACEUTICAL LTD,JP3519400000,0.0004950955,,,HOLD
432,WEC ENERGY GROUP INC,US92939U1060,0.0004939316,,,HOLD
433,DELL TECHNOLOGIES INC CLASS C,US24703L2025,0.0004937748,,,HOLD
434,SEVEN & I HOLDINGS LTD,JP3422950000,0.0004922495,,,HOLD
435,LEGRAND SA,FR0010307819,0.0004899109,,,HOLD
436,INGERSOLL RAND INC,US45687V1061,0.0004889162,,,HOLD
437,EQUIFAX INC,US2944291051,0.0004885614,,,HOLD
438,FAIRFAX FINANCIAL HOLDINGS SUB VOT,CA3039011026,0.0004878806,,,HOLD
439,D R HORTON INC,US23331A1097,0.0004846739,,,HOLD
440,TARGA RESOURCES CORP,US87612G1013,0.000484197,,,HOLD
441,DOLLARAMA INC,CA25675T1075,0.0004837685,,,HOLD
442,TESCO PLC,GB00BLGZ9862,0.000483501,,,HOLD
443,VICI PPTYS INC,US9256521090,0.00048244,,,HOLD
444,ASSA ABLOY CLASS B,SE0007100581,0.0004811637,,,HOLD
445,WESTINGHOUSE AIR BRAKE TECHNOLOGIE,US9297401088,0.0004780471,,,HOLD
446,CARVANA CLASS A,US1468691027,0.0004778872,,,HOLD
447,DEXCOM INC,US2521311074,0.0004747202,,,HOLD
448,BARRICK MINING CORPORATION,CA06849F1080,0.0004729994,,,HOLD
449,PARTNERS GROUP HOLDING AG,CH0024608827,0.0004679916,,,HOLD
450,CAIXABANK SA,ES0140609019,0.000467681,,,HOLD
451,MONOLITHIC POWER SYSTEMS INC,US6098391054,0.0004675661,,,HOLD
452,WILLIS TOWERS WATSON PLC,IE00BDB6Q211,0.0004662538,,,HOLD
453,TRADE DESK INC CLASS A,US88339J1051,0.000465967,,,HOLD
454,AGILENT TECHNOLOGIES INC,US00846U1016,0.0004657379,,,HOLD
455,GARMIN LTD,CH0114405324,0.0004635704,,,HOLD
456,COSTAR GROUP INC,US22160N1090,0.0004627595,,,HOLD
457,ATLASSIAN CORP CLASS A,US0494681010,0.0004622642,,,HOLD
458,DATADOG INC CLASS A,US23804L1035,0.0004596309,,,HOLD
459,ENI,IT0003132476,0.0004587218,,,HOLD
460,BLOCK INC CLASS A,US8522341036,0.0004584853,,,HOLD
461,XYLEM INC,US98419M1009,0.0004582023,,,HOLD
462,EXTRA SPACE STORAGE REIT INC,US30225T1025,0.0004523662,,,HOLD
463,GE HEALTHCARE TECHNOLOGIES INC,US36266G1076,0.000452336,,,HOLD
464,OLD DOMINION FREIGHT LINE INC,US6795801009,0.0004514599,,,HOLD
465,MICROCHIP TECHNOLOGY INC,US5950171042,0.000448874,,,HOLD
466,NIPPON TELEGRAPH AND TELEPHONE COR,JP3735400008,0.0004482836,,,HOLD
467,HUBSPOT INC,US4435731009,0.0004474409,,,HOLD
468,STANDARD CHARTERED PLC,GB0004082847,0.0004453251,,,HOLD
469,NRG ENERGY INC,US6293775085,0.0004439269,,,HOLD
470,GENERAL MILLS INC,US3703341046,0.0004348407,,,HOLD
471,FRANCO NEVADA CORP,CA3518581051,0.0004307538,,,HOLD
472,EQT CORP,US26884L1098,0.0004298344,,,HOLD
473,AVALONBAY COMMUNITIES REIT INC,US0534841012,0.0004284538,,,HOLD
474,DAIKIN INDUSTRIES LTD,JP3481800005,0.0004281763,,,HOLD
475,CANON INC,JP3242800005,0.0004277654,,,HOLD
476,CENTENE CORP,US15135B1017,0.0004235271,,,HOLD
477,NEC CORP,JP3733000008,0.0004233567,,,HOLD
478,THOMSON REUTERS CORP,CA8849038085,0.0004195272,,,HOLD
479,DUPONT DE NEMOURS INC,US26614N1028,0.0004189161,,,HOLD
480,ARES MANAGEMENT CORP CLASS A,US03990B1017,0.000418614,,,HOLD
481,ANSYS INC,US03662Q1058,0.0004174918,,,HOLD
482,CONSTELLATION BRANDS INC CLASS A,US21036P1084,0.0004174456,,,HOLD
483,M&T BANK CORP,US55261F1049,0.000416311,,,HOLD
484,PRUDENTIAL PLC,GB0007099541,0.0004131995,,,HOLD
485,LPL FINANCIAL HOLDINGS INC,US50212V1008,0.0004096251,,,HOLD
486,TRANSURBAN GROUP STAPLED UNITS,AU000000TCL6,0.0004073831,,,HOLD
487,IMPERIAL BRANDS PLC,GB0004544929,0.0004049506,,,HOLD
488,WOODSIDE ENERGY GROUP LTD,AU0000224040,0.0004043753,,,HOLD
489,ORANGE SA,FR0000133308,0.0004028484,,,HOLD
490,NOKIA,FI0009000681,0.0004026728,,,HOLD
491,MS&AD INSURANCE GROUP HOLDINGS INC,JP3890310000,0.0004001589,,,HOLD
492,RAYMOND JAMES INC,US7547301090,0.0003996767,,,HOLD
493,TRACTOR SUPPLY,US8923561067,0.0003984401,,,HOLD
494,RIO TINTO LTD,AU000000RIO1,0.0003969653,,,HOLD
495,COMMERZBANK AG,DE000CBK1001,0.0003949712,,,HOLD
496,HP INC,US40434L1052,0.0003947496,,,HOLD
497,BROADRIDGE FINANCIAL SOLUTIONS INC,US11133T1034,0.0003906077,,,HOLD
498,SWISS LIFE HOLDING AG,CH0014852781,0.0003903971,,,HOLD
499,OCCIDENTAL PETROLEUM CORP,US6745991058,0.0003903817,,,HOLD
500,SUMITOMO CORP,JP3404600003,0.0003879868,,,HOLD
501,DTE ENERGY,US2333311072,0.000386853,,,HOLD
502,HUMANA INC,US4448591028,0.0003863778,,,HOLD
503,KEYSIGHT TECHNOLOGIES INC,US49338L1035,0.0003835749,,,HOLD
504,NUCOR CORP,US6703461052,0.0003831122,,,HOLD
505,IQVIA HOLDINGS INC,US46266C1053,0.0003775971,,,HOLD
506,AMERICAN WATER WORKS INC,US0304201033,0.0003774968,,,HOLD
507,HEIDELBERG MATERIALS AG,DE0006047004,0.0003770624,,,HOLD
508,IRON MOUNTAIN INC,US46284V1017,0.0003732271,,,HOLD
509,DAI-ICHI LIFE HOLDINGS INC,JP3476480003,0.0003724136,,,HOLD
510,BAYER AG,DE000BAY0017,0.0003715539,,,HOLD
511,LENNAR A CORP CLASS A,US5260571048,0.0003713404,,,HOLD
512,THALES SA,FR0000121329,0.0003703729,,,HOLD
513,MARUBENI CORP,JP3877600001,0.0003702189,,,HOLD
514,PPG INDUSTRIES INC,US6935061076,0.0003676905,,,HOLD
515,STATE STREET CORP,US8574771031,0.0003674492,,,HOLD
516,CAPGEMINI,FR0000125338,0.0003664647,,,HOLD
517,DIAMONDBACK ENERGY INC,US25278X1090,0.0003664005,,,HOLD
518,BROWN & BROWN INC,US1152361010,0.0003661535,,,HOLD
519,KOMATSU LTD,JP3304200003,0.0003643519,,,HOLD
520,UNIVERSAL MUSIC GROUP NV,NL0015000IY2,0.0003619278,,,HOLD
521,WOOLWORTHS GROUP LTD,AU000000WOW2,0.0003603115,,,HOLD
522,MURATA MANUFACTURING LTD,JP3914400001,0.0003597566,,,HOLD
523,NUTRIEN LTD,CA67077M1086,0.0003587812,,,HOLD
524,SOMPO HOLDINGS INC,JP3165000005,0.0003587687,,,HOLD
525,KRAFT HEINZ,US5007541064,0.0003583877,,,HOLD
526,ZSCALER INC,US98980G1022,0.0003573091,,,HOLD
527,SSE PLC,GB0007908733,0.0003570422,,,HOLD
528,TERUMO CORP,JP3546800008,0.0003563308,,,HOLD
529,BMW AG,DE0005190003,0.0003552731,,,HOLD
530,ASM INTERNATIONAL NV,NL0000334118,0.0003533029,,,HOLD
531,VENTAS REIT INC,US92276F1003,0.0003525603,,,HOLD
532,FANUC CORP,JP3802400006,0.0003503386,,,HOLD
533,FIFTH THIRD BANCORP,US3167731005,0.0003498096,,,HOLD
534,AMEREN CORP,US0236081024,0.0003497361,,,HOLD
535,FUJIFILM HOLDINGS CORP,JP3814000000,0.0003486925,,,HOLD
536,PANASONIC HOLDINGS CORP,JP3866800000,0.000348205,,,HOLD
537,SKANDINAVISKA ENSKILDA BANKEN CLAS,SE0000148884,0.0003469399,,,HOLD
538,QBE INSURANCE GROUP LTD,AU000000QBE9,0.0003467544,,,HOLD
539,MICHELIN,FR001400AJ45,0.0003455944,,,HOLD
540,DENSO CORP,JP3551500006,0.0003445007,,,HOLD
541,DANSKE BANK,DK0010274414,0.0003442302,,,HOLD
542,DASSAULT SYSTEMES,FR0014003TT8,0.0003440119,,,HOLD
543,GODADDY INC CLASS A,US3802371076,0.0003433803,,,HOLD
544,VERALTO CORP,US92338C1036,0.0003410079,,,HOLD
545,PUBLICIS GROUPE SA,FR0000130577,0.0003407218,,,HOLD
546,PPL CORP,US69351T1060,0.0003401102,,,HOLD
547,NOVOZYMES CLASS B,DK0060336014,0.000338084,,,HOLD
548,SBA COMMUNICATIONS REIT CORP CLASS,US78410G1040,0.0003376885,,,HOLD
549,FERROVIAL,NL0015001FS8,0.0003375925,,,HOLD
550,HEINEKEN NV,NL0000009165,0.0003363625,,,HOLD
551,CBOE GLOBAL MARKETS INC,US12503M1080,0.0003358653,,,HOLD
552,ASHTEAD GROUP PLC,GB0000536739,0.0003357455,,,HOLD
553,GEBERIT AG,CH0030170408,0.0003351553,,,HOLD
554,LOBLAW COMPANIES LTD,CA5394811015,0.000334749,,,HOLD
555,VEOLIA ENVIRON. SA,FR0000124141,0.0003338736,,,HOLD
556,CDW CORP,US12514G1085,0.0003320306,,,HOLD
557,DOVER CORP,US2600031080,0.0003307643,,,HOLD
558,CAMECO CORP,CA13321L1085,0.0003300613,,,HOLD
559,STERIS,IE00BFY8C754,0.0003286006,,,HOLD
560,BRIDGESTONE CORP,JP3830800003,0.000328333,,,HOLD
561,ERSTE GROUP BANK AG,AT0000652011,0.0003270889,,,HOLD
562,SAMPO CLASS A,FI4000552500,0.0003266512,,,HOLD
563,ORIENTAL LAND LTD,JP3198900007,0.0003264984,,,HOLD
564,VERISIGN INC,US92343E1029,0.000326401,,,HOLD
565,MARKEL GROUP INC,US5705351048,0.0003262228,,,HOLD
566,METTLER TOLEDO INC,US5926881054,0.0003260767,,,HOLD
567,TEXAS PACIFIC LAND CORP,US88262P1021,0.0003254171,,,HOLD
568,CENTERPOINT ENERGY INC,US15189T1079,0.000325297,,,HOLD
569,DARDEN RESTAURANTS INC,US2371941053,0.0003252791,,,HOLD
570,LIVE NATION ENTERTAINMENT INC,US5380341090,0.0003247947,,,HOLD
571,ERICSSON CLASS B,SE0000108656,0.000324383,,,HOLD
572,HERSHEY FOODS,US4278661081,0.0003241671,,,HOLD
573,TYLER TECHNOLOGIES INC,US9022521051,0.0003241595,,,HOLD
574,DNB BANK,NO0010161896,0.0003240963,,,HOLD
575,EXPAND ENERGY CORP,US1651677353,0.0003239502,,,HOLD
576,UCB SA,BE0003739530,0.0003238536,,,HOLD
577,EVERSOURCE ENERGY,US30040W1080,0.0003238213,,,HOLD
578,SEAGATE TECHNOLOGY HOLDINGS PLC,IE00BKVD2N49,0.0003234334,,,HOLD
579,INSULET CORP,US45784P1012,0.0003209049,,,HOLD
580,EQUITY RESIDENTIAL,US29476L1070,0.0003208899,,,HOLD
581,WSP GLOBAL INC,CA92938W2022,0.0003198704,,,HOLD
582,ATMOS ENERGY CORP,US0495601058,0.0003196974,,,HOLD
583,VOLKSWAGEN NON-VOTING PREF AG,DE0007664039,0.0003190591,,,HOLD
584,INTERACTIVE BROKERS GROUP INC CLAS,US45841N1072,0.0003190334,,,HOLD
585,VODAFONE GROUP PLC,GB00BH4HKS39,0.0003183004,,,HOLD
586,FORTIS INC,CA3495531079,0.0003179102,,,HOLD
587,HEWLETT PACKARD ENTERPRISE,US42824C1099,0.0003175974,,,HOLD
588,AVIVA PLC,GB00BPQY8M80,0.0003163125,,,HOLD
589,ARCHER DANIELS MIDLAND,US0394831020,0.0003157593,,,HOLD
590,SMURFIT WESTROCK PLC,IE00028FXN24,0.0003148113,,,HOLD
591,NVR INC,US62944T1051,0.0003145152,,,HOLD
592,FIRSTENERGY CORP,US3379321074,0.0003139201,,,HOLD
593,MITSUI FUDOSAN LTD,JP3893200000,0.0003135406,,,HOLD
594,SANDVIK,SE0000667891,0.0003133226,,,HOLD
595,CARNIVAL CORP,PA1436583006,0.0003132932,,,HOLD
596,KBC GROEP NV,BE0003565737,0.0003129811,,,HOLD
597,FORTIVE CORP,US34959J1088,0.000312826,,,HOLD
598,TELEDYNE TECHNOLOGIES INC,US8793601050,0.000310197,,,HOLD
599,INTERNATIONAL PAPER,US4601461035,0.0003100555,,,HOLD
600,BANK LEUMI LE ISRAEL,IL0006046119,0.0003099031,,,HOLD
601,CINCINNATI FINANCIAL CORP,US1720621010,0.0003098251,,,HOLD
602,WR BERKLEY CORP,US0844231029,0.0003092568,,,HOLD
603,CHURCH AND DWIGHT INC,US1713401024,0.0003066551,,,HOLD
604,DOLLAR GENERAL CORP,US2566771059,0.0003062535,,,HOLD
605,PERNOD RICARD SA,FR0000120693,0.0003056191,,,HOLD
606,SINGAPORE TELECOMMUNICATIONS LTD,SG1T75931496,0.0003045735,,,HOLD
607,EDISON INTERNATIONAL,US2810201077,0.0003040685,,,HOLD
608,POWER CORPORATION OF CANADA,CA7392391016,0.0003039355,,,HOLD
609,VONOVIA,DE000A1ML7J1,0.0003039113,,,HOLD
610,PTC INC,US69370C1009,0.0003038819,,,HOLD
611,ORIX CORP,JP3200450009,0.0003037625,,,HOLD
612,SUPER MICRO COMPUTER INC,US86800U3023,0.0003032683,,,HOLD
613,AERCAP HOLDINGS NV,NL0000687663,0.0003029224,,,HOLD
614,STELLANTIS NV,NL00150001Q9,0.0003021039,,,HOLD
615,LABCORP HOLDINGS INC,US5049221055,0.0003009804,,,HOLD
616,OKTA INC CLASS A,US6792951054,0.0003006886,,,HOLD
617,CMS ENERGY CORP,US1258961002,0.0003005221,,,HOLD
618,HUNTINGTON BANCSHARES INC,US4461501045,0.0003001927,,,HOLD
619,SWEDBANK CLASS A,SE0000242455,0.0002999825,,,HOLD
620,LEONARDO,IT0003856405,0.0002998075,,,HOLD
621,CGI INC CLASS A,CA12532H1047,0.0002973947,,,HOLD
622,CORPAY INC,US2199481068,0.0002971475,,,HOLD
623,RENESAS ELECTRONICS CORP,JP3164720009,0.0002969371,,,HOLD
624,ARISTOCRAT LEISURE LTD,AU000000ALL7,0.0002963924,,,HOLD
625,AJINOMOTO INC,JP3119600009,0.0002960374,,,HOLD
626,RESTAURANTS BRANDS INTERNATIONAL I,CA76131D1033,0.0002959752,,,HOLD
627,MTU AERO ENGINES HOLDING AG,DE000A0D9PT0,0.0002953135,,,HOLD
628,ASAHI GROUP HOLDINGS LTD,JP3116000005,0.0002950658,,,HOLD
629,ZOOM COMMUNICATIONS INC CLASS A,US98980L1017,0.0002950531,,,HOLD
630,KONINKLIJKE KPN NV,NL0000009082,0.0002946347,,,HOLD
631,TDK CORP,JP3538800008,0.0002945775,,,HOLD
632,NUTANIX INC CLASS A,US67059N1081,0.0002943811,,,HOLD
633,SANDOZ GROUP AG,CH1243598427,0.0002927705,,,HOLD
634,DISCO CORP,JP3548600000,0.0002919156,,,HOLD
635,INTERCONTINENTAL HOTELS GROUP PLC,GB00BHJYC057,0.0002910865,,,HOLD
636,HUBBELL INC,US4435106079,0.0002899878,,,HOLD
637,PEMBINA PIPELINE CORP,CA7063271034,0.0002888829,,,HOLD
638,RB GLOBAL INC,CA74935Q1072,0.0002886936,,,HOLD
639,CREDIT AGRICOLE SA,FR0000045072,0.000288088,,,HOLD
640,NORTHERN TRUST CORP,US6658591044,0.0002876988,,,HOLD
641,DOW INC,US2605571031,0.0002876915,,,HOLD
642,RWE AG,DE0007037129,0.0002876614,,,HOLD
643,LEGAL AND GENERAL GROUP PLC,GB0005603997,0.0002868775,,,HOLD
644,SYNCHRONY FINANCIAL,US87165B1035,0.0002860698,,,HOLD
645,KELLANOVA,US4878361082,0.0002854841,,,HOLD
646,DECKERS OUTDOOR CORP,US2435371073,0.0002853968,,,HOLD
647,ASTELLAS PHARMA INC,JP3942400007,0.0002852743,,,HOLD
648,LIBERTY MEDIA FORMULA ONE CORP SER,US5312297550,0.0002851843,,,HOLD
649,AMCOR PLC,JE00BJ1F3079,0.000283514,,,HOLD
650,SMC (JAPAN) CORP,JP3162600005,0.0002834639,,,HOLD
651,QUEST DIAGNOSTICS INC,US74834L1008,0.00028343,,,HOLD
652,FRESENIUS SE AND CO KGAA,DE0005785604,0.0002821518,,,HOLD
653,TELEFONICA SA,ES0178430E18,0.0002816128,,,HOLD
654,LEIDOS HOLDINGS INC,US5253271028,0.000280951,,,HOLD
655,EMCOR GROUP INC,US29084Q1004,0.0002807111,,,HOLD
656,NATERA INC,US6323071042,0.0002805452,,,HOLD
657,T ROWE PRICE GROUP INC,US74144T1088,0.0002800586,,,HOLD
658,NEXT PLC,GB0032089863,0.0002798501,,,HOLD
659,AENA SME SA,ES0105046009,0.0002794965,,,HOLD
660,NOMURA HOLDINGS INC,JP3762600009,0.000279263,,,HOLD
661,ULTA BEAUTY INC,US90384S3031,0.0002784839,,,HOLD
662,PULTEGROUP INC,US7458671010,0.0002781516,,,HOLD
663,KAO CORP,JP3205800000,0.0002768414,,,HOLD
664,OTSUKA HOLDINGS LTD,JP3188220002,0.0002754484,,,HOLD
665,ATLAS COPCO CLASS B,SE0017486897,0.0002744418,,,HOLD
666,PINTEREST INC CLASS A,US72352L1061,0.0002742608,,,HOLD
667,MID AMERICA APARTMENT COMMUNITIES,US59522J1034,0.0002741734,,,HOLD
668,BRAMBLES LTD,AU000000BXB1,0.000273738,,,HOLD
669,TEVA PHARMACEUTICAL INDUSTRIES ADR,US8816242098,0.0002725628,,,HOLD
670,WARNER BROS DISCOVERY INC,US9344231041,0.0002720477,,,HOLD
671,BANK HAPOALIM BM,IL0006625771,0.0002719259,,,HOLD
672,INVITATION HOMES INC,US46187W1071,0.0002711012,,,HOLD
673,CHECK POINT SOFTWARE TECHNOLOGIES,IL0010824113,0.0002701569,,,HOLD
674,INTERNATIONAL FLAVORS & FRAGRANCES,US4595061015,0.0002699532,,,HOLD
675,AEON LTD,JP3388200002,0.0002699361,,,HOLD
676,MCCORMICK & CO NON-VOTING INC,US5797802064,0.0002692178,,,HOLD
677,KONE CLASS B,FI0009013403,0.000268261,,,HOLD
678,ON SEMICONDUCTOR CORP,US6821891057,0.0002677966,,,HOLD
679,EQUINOR,NO0010096985,0.0002663919,,,HOLD
680,DAIWA HOUSE INDUSTRY LTD,JP3505000004,0.0002661705,,,HOLD
681,DAIMLER TRUCK HOLDING E AG,DE000DTR0CK8,0.0002652486,,,HOLD
682,NISOURCE INC,US65473P1057,0.0002650112,,,HOLD
683,WATERS CORP,US9418481035,0.000263012,,,HOLD
684,HEXAGON CLASS B,SE0015961909,0.0002628023,,,HOLD
685,SUZUKI MOTOR CORP,JP3397200001,0.0002627171,,,HOLD
686,NETAPP INC,US64110D1046,0.0002623348,,,HOLD
687,GLOBAL PAYMENTS INC,US37940X1028,0.0002622224,,,HOLD
688,COTERRA ENERGY INC,US1270971039,0.0002621793,,,HOLD
689,BOOZ ALLEN HAMILTON HOLDING CORP C,US0995021062,0.0002603217,,,HOLD
690,REGIONS FINANCIAL CORP,US7591EP1005,0.000260093,,,HOLD
691,SVENSKA HANDELSBANKEN CLASS A,SE0007100599,0.0002592956,,,HOLD
692,TOYOTA INDUSTRIES CORP,JP3634600005,0.0002588316,,,HOLD
693,RESONA HOLDINGS INC,JP3500610005,0.0002584959,,,HOLD
694,MOLINA HEALTHCARE INC,US60855R1005,0.0002583684,,,HOLD
695,HEICO CORP CLASS A,US4228062083,0.0002577246,,,HOLD
696,DOCUSIGN INC,US2561631068,0.0002574887,,,HOLD
697,NIPPON STEEL CORP,JP3381000003,0.0002568817,,,HOLD
698,CELLNEX TELECOM SA,ES0105066007,0.0002563854,,,HOLD
699,MSCI USA Information Technology UCITS ETF 1D,IE00BGQYRS42,0.0002557366,,,HOLD
700,CENOVUS ENERGY INC,CA15135U1093,0.0002554758,,,HOLD
701,PRINCIPAL FINANCIAL GROUP INC,US74251V1026,0.0002554124,,,HOLD
702,WILLIAMS SONOMA INC,US9699041011,0.0002553065,,,HOLD
703,COCA COLA EUROPACIFIC PARTNERS PLC,GB00BDCPN049,0.0002546591,,,HOLD
704,UPM-KYMMENE,FI0009005987,0.0002540346,,,HOLD
705,SUMITOMO MITSUI TRUST GROUP INC,JP3892100003,0.0002528398,,,HOLD
706,MITSUBISHI ESTATE LTD,JP3899600005,0.0002526876,,,HOLD
707,EXPEDIA GROUP INC,US30212P3038,0.0002523735,,,HOLD
708,FIRST CITIZENS BANCSHARES INC CLAS,US31946M1036,0.0002523058,,,HOLD
709,JAPAN POST BANK LTD,JP3946750001,0.000252165,,,HOLD
710,BROOKFIELD ASSET MANAGEMENT VOTING,CA1130041058,0.0002520143,,,HOLD
711,BIOGEN INC,US09062X1037,0.0002513092,,,HOLD
712,CARLISLE COMPANIES INC,US1423391002,0.0002512019,,,HOLD
713,DSM FIRMENICH AG,CH1216478797,0.0002510897,,,HOLD
714,ZIMMER BIOMET HOLDINGS INC,US98956P1021,0.0002510779,,,HOLD
715,PURE STORAGE INC CLASS A,US74624M1027,0.0002501051,,,HOLD
716,TOAST INC CLASS A,US8887871080,0.0002487354,,,HOLD
717,PENTAIR PLC,IE00BLS09M33,0.0002486263,,,HOLD
718,KERRY GROUP PLC,IE0004906560,0.0002482908,,,HOLD
719,ESSEX PROPERTY TRUST REIT INC,US2971781057,0.000247837,,,HOLD
720,GENUINE PARTS,US3724601055,0.0002470592,,,HOLD
721,CK HUTCHISON HOLDINGS LTD,KYG217651051,0.0002470338,,,HOLD
722,DEVON ENERGY CORP,US25179M1036,0.0002468082,,,HOLD
723,EAST JAPAN RAILWAY,JP3783600004,0.000246384,,,HOLD
724,BANDAI NAMCO HOLDINGS INC,JP3778630008,0.0002463831,,,HOLD
725,SYMRISE AG,DE000SYM9999,0.0002456699,,,HOLD
726,SECOM LTD,JP3421800008,0.0002454946,,,HOLD
727,ALLIANT ENERGY CORP,US0188021085,0.0002452389,,,HOLD
728,APTIV PLC,JE00BTDN8H13,0.0002450895,,,HOLD
729,NN GROUP NV,NL0010773842,0.000243864,,,HOLD
730,ESSITY CLASS B,SE0009922164,0.0002433189,,,HOLD
731,RELIANCE INC,US7595091023,0.0002428884,,,HOLD
732,TWILIO INC CLASS A,US90138F1021,0.0002428642,,,HOLD
733,XERO LTD,NZXROE0001S2,0.0002421372,,,HOLD
734,NORTHERN STAR RESOURCES LTD,AU000000NST8,0.0002409242,,,HOLD
735,STEEL DYNAMICS INC,US8581191009,0.0002408455,,,HOLD
736,TOURMALINE OIL CORP,CA89156V1067,0.000240684,,,HOLD
737,TRADEWEB MARKETS INC CLASS A,US8926721064,0.0002406522,,,HOLD
738,F5 INC,US3156161024,0.0002405888,,,HOLD
739,SS AND C TECHNOLOGIES HOLDINGS INC,US78467J1007,0.0002401658,,,HOLD
740,FACTSET RESEARCH SYSTEMS INC,US3030751057,0.0002399445,,,HOLD
741,CITIZENS FINANCIAL GROUP INC,US1746101054,0.0002395065,,,HOLD
742,JABIL INC,US4663131039,0.0002392875,,,HOLD
743,COLES GROUP LTD,AU0000030678,0.0002382244,,,HOLD
744,SWISSCOM AG,CH0008742519,0.0002381193,,,HOLD
745,HANNOVER RUECK,DE0008402215,0.0002377154,,,HOLD
746,SUN COMMUNITIES REIT INC,US8666741041,0.0002370705,,,HOLD
747,KYOCERA CORP,JP3249600002,0.0002368263,,,HOLD
748,SNAP ON INC,US8330341012,0.0002364861,,,HOLD
749,KONINKLIJKE PHILIPS NV,NL0000009538,0.0002364181,,,HOLD
750,TRIMBLE INC,US8962391004,0.0002357854,,,HOLD
751,JACOBS SOLUTIONS INC,US46982L1089,0.0002357327,,,HOLD
752,CHOCOLADEFABRIKEN LINDT & SPRUENGL,CH0010570767,0.0002352338,,,HOLD
753,EQUITABLE HOLDINGS INC,US29452E1010,0.0002352281,,,HOLD
754,CYBER ARK SOFTWARE LTD,IL0011334468,0.0002346596,,,HOLD
755,PRYSMIAN,IT0004176001,0.0002343678,,,HOLD
756,FIRST SOLAR INC,US3364331070,0.0002334921,,,HOLD
757,SGS SA,CH1256740924,0.0002330932,,,HOLD
758,DOLLAR TREE INC,US2567461080,0.0002329137,,,HOLD
759,OLYMPUS CORP,JP3201200007,0.0002329068,,,HOLD
760,WESTERN DIGITAL CORP,US9581021055,0.0002325385,,,HOLD
761,BURLINGTON STORES INC,US1220171060,0.0002322578,,,HOLD
762,SAAB CLASS B,SE0021921269,0.0002317896,,,HOLD
763,JAPAN POST HOLDINGS LTD,JP3752900005,0.0002316371,,,HOLD
764,LENNOX INTERNATIONAL INC,US5261071071,0.0002311217,,,HOLD
765,TYSON FOODS INC CLASS A,US9024941034,0.000230937,,,HOLD
766,KONGSBERG GRUPPEN,NO0003043309,0.0002304397,,,HOLD
767,MERCK,DE0006599905,0.0002302784,,,HOLD
768,NIPPON YUSEN,JP3753000003,0.000230123,,,HOLD
769,THE SAGE GROUP PLC,GB00B8C3BL03,0.0002291491,,,HOLD
770,CENTRAL JAPAN RAILWAY,JP3566800003,0.000228616,,,HOLD
771,HALLIBURTON,US4062161017,0.0002284093,,,HOLD
772,NTT DATA GROUP CORP,JP3165700000,0.0002282187,,,HOLD
773,STMICROELECTRONICS NV,NL0000226223,0.0002280382,,,HOLD
774,TRANSUNION,US89400J1079,0.0002278796,,,HOLD
775,BALL CORP,US0584981064,0.0002268765,,,HOLD
776,ZEBRA TECHNOLOGIES CORP CLASS A,US9892071054,0.0002268663,,,HOLD
777,EVERGY INC,US30034W1062,0.0002266598,,,HOLD
778,WEYERHAEUSER REIT,US9621661043,0.0002261216,,,HOLD
779,DOMINOS PIZZA INC,US25754A2015,0.0002260156,,,HOLD
780,ROLLINS INC,US7757111049,0.0002251789,,,HOLD
781,CLOROX,US1890541097,0.0002251004,,,HOLD
782,BAXTER INTERNATIONAL INC,US0718131099,0.0002249367,,,HOLD
783,BT GROUP PLC,GB0030913577,0.0002245833,,,HOLD
784,SUNCORP GROUP LTD,AU000000SUN6,0.0002240405,,,HOLD
785,ASICS CORP,JP3118000003,0.0002239439,,,HOLD
786,VESTAS WIND SYSTEMS,DK0061539921,0.0002227599,,,HOLD
787,SUMITOMO ELECTRIC INDUSTRIES LTD,JP3407400005,0.0002222139,,,HOLD
788,AIB GROUP PLC,IE00BF0L3536,0.0002216612,,,HOLD
789,EMERA INC,CA2908761018,0.0002204138,,,HOLD
790,COOPER INC,US2166485019,0.0002185104,,,HOLD
791,TERNA RETE ELETTRICA NAZIONALE,IT0003242622,0.0002180847,,,HOLD
792,BEST BUY INC,US0865161014,0.0002178985,,,HOLD
793,DRAFTKINGS INC CLASS A,US26142V1052,0.0002175674,,,HOLD
794,SIEMENS HEALTHINEERS AG,DE000SHL1006,0.0002171421,,,HOLD
795,INFORMA PLC,GB00BMJ6DW54,0.00021661,,,HOLD
796,FORTESCUE LTD,AU000000FMG4,0.000216329,,,HOLD
797,ESTEE LAUDER INC CLASS A,US5184391044,0.0002137466,,,HOLD
798,LOEWS CORP,US5404241086,0.0002126067,,,HOLD
799,METRO INC,CA59162N1096,0.0002124444,,,HOLD
800,KIMCO REALTY REIT CORP,US49446R1095,0.0002118576,,,HOLD
801,PANDORA,DK0060252690,0.0002117789,,,HOLD
802,BANCO DE SABADELL SA,ES0113860A34,0.0002102422,,,HOLD
803,FINECOBANK BANCA FINECO,IT0000072170,0.0002090677,,,HOLD
804,PACKAGING CORP OF AMERICA,US6951561090,0.0002087749,,,HOLD
805,CARLSBERG CLASS B,DK0010181759,0.0002080235,,,HOLD
806,REPSOL SA,ES0173516115,0.0002079122,,,HOLD
807,SONOVA HOLDING AG,CH0012549785,0.0002066665,,,HOLD
808,KINROSS GOLD CORP,CA4969024047,0.0002050351,,,HOLD
809,TECK RESOURCES SUBORDINATE VOTING,CA8787422044,0.0002045824,,,HOLD
810,DYNATRACE INC,US2681501092,0.0002043574,,,HOLD
811,SEKISUI HOUSE LTD,JP3420600003,0.0002035871,,,HOLD
812,KEYCORP,US4932671088,0.000203359,,,HOLD
813,GRACO INC,US3841091040,0.0002032834,,,HOLD
814,LYONDELLBASELL INDUSTRIES NV CLASS,NL0009434992,0.0002030701,,,HOLD
815,CHOCOLADEFABRIKEN LINDT & SPRUENGL,CH0010570759,0.0002029181,,,HOLD
816,AECOM,US00766T1007,0.0002023755,,,HOLD
817,KINGSPAN GROUP PLC,IE0004927939,0.0002022318,,,HOLD
818,HALMA PLC,GB0004052071,0.0002022301,,,HOLD
819,MONGODB INC CLASS A,US60937P1066,0.0002022041,,,HOLD
820,OMNICOM GROUP INC,US6819191064,0.0002020019,,,HOLD
821,AKZO NOBEL NV,NL0013267909,0.0002015508,,,HOLD
822,WEST PHARMACEUTICAL SERVICES INC,US9553061055,0.00020056,,,HOLD
823,TECHTRONIC INDUSTRIES LTD,HK0669013440,0.0001989913,,,HOLD
824,NOMURA RESEARCH INSTITUTE LTD,JP3762800005,0.0001988814,,,HOLD
825,ARCELORMITTAL SA,LU1598757687,0.0001979563,,,HOLD
826,WATSCO INC,US9426222009,0.0001977634,,,HOLD
827,RPM INTERNATIONAL INC,US7496851038,0.0001976926,,,HOLD
828,EVEREST GROUP LTD,BMG3223R1088,0.0001975468,,,HOLD
829,CELESTICA INC,CA15101Q2071,0.0001974475,,,HOLD
830,FIDELITY NATIONAL FINANCIAL INC,US31620R3030,0.0001973683,,,HOLD
831,GEN DIGITAL INC,US6687711084,0.0001967866,,,HOLD
832,IDEX CORP,US45167R1041,0.0001965525,,,HOLD
833,KONAMI GROUP CORP,JP3300200007,0.0001965507,,,HOLD
834,NIDEC CORP,JP3734800000,0.0001963836,,,HOLD
835,CF INDUSTRIES HOLDINGS INC,US1252691001,0.0001959737,,,HOLD
836,SCHINDLER HOLDING PAR AG,CH0024638196,0.000195887,,,HOLD
837,HOLOGIC INC,US4364401012,0.0001953702,,,HOLD
838,CLP HOLDINGS LTD,HK0002007356,0.0001944905,,,HOLD
839,EXPEDITORS INTERNATIONAL OF WASHIN,US3021301094,0.0001943781,,,HOLD
840,ARC RESOURCES LTD,CA00208D4084,0.0001940396,,,HOLD
841,LOGITECH INTERNATIONAL SA,CH0025751329,0.000193794,,,HOLD
842,TMX GROUP LTD,CA87262K1057,0.0001935716,,,HOLD
843,GENMAB,DK0010272202,0.0001927015,,,HOLD
844,SUN HUNG KAI PROPERTIES LTD,HK0016000132,0.0001915993,,,HOLD
845,FOX CORP CLASS A,US35137L1052,0.0001910179,,,HOLD
846,TERADYNE INC,US8807701029,0.0001899629,,,HOLD
847,MASCO CORP,US5745991068,0.0001896437,,,HOLD
848,SMITH AND NEPHEW PLC,GB0009223206,0.0001889946,,,HOLD
849,LAS VEGAS SANDS CORP,US5178341070,0.0001885667,,,HOLD
850,EDP ENERGIAS DE PORTUGAL SA,PTEDP0AM0009,0.0001880533,,,HOLD
851,FRESENIUS MEDICAL CARE AG,DE0005785802,0.0001875281,,,HOLD
852,KERING SA,FR0000121485,0.0001864189,,,HOLD
853,ENEOS HOLDINGS INC,JP3386450005,0.0001857316,,,HOLD
854,EPIROC CLASS A,SE0015658109,0.0001848477,,,HOLD
855,BEIERSDORF AG,DE0005200000,0.0001847812,,,HOLD
856,ILLUMINA INC,US4523271090,0.0001846854,,,HOLD
857,GEA GROUP AG,DE0006602006,0.0001825256,,,HOLD
858,BOC HONG KONG HOLDINGS LTD,HK2388011192,0.0001824656,,,HOLD
859,STRAUMANN HOLDING AG,CH1175448666,0.0001818352,,,HOLD
860,TEXTRON INC,US8832031012,0.0001810988,,,HOLD
861,SHIONOGI LTD,JP3347200002,0.0001810225,,,HOLD
862,TOYOTA TSUSHO CORP,JP3635000007,0.0001800811,,,HOLD
863,MONCLER,IT0004965148,0.000178964,,,HOLD
864,BANCO BPM,IT0005218380,0.0001778924,,,HOLD
865,EURONEXT NV,NL0006294274,0.000177699,,,HOLD
866,LINK REAL ESTATE INVESTMENT TRUST,HK0823032773,0.0001757281,,,HOLD
867,BUILDERS FIRSTSOURCE INC,US12008R1077,0.0001752647,,,HOLD
868,BALOISE HOLDING AG,CH0012410517,0.0001751122,,,HOLD
869,ALFA LAVAL,SE0000695876,0.0001748696,,,HOLD
870,COMPUTERSHARE LTD,AU000000CPU5,0.0001747767,,,HOLD
871,WISETECH GLOBAL LTD,AU000000WTC3,0.0001742692,,,HOLD
872,AVERY DENNISON CORP,US0536111091,0.0001740757,,,HOLD
873,CONAGRA BRANDS INC,US2058871029,0.0001740336,,,HOLD
874,JULIUS BAER GRUPPE AG,CH0102484968,0.0001740331,,,HOLD
875,PAYCOM SOFTWARE INC,US70432V1026,0.0001735348,,,HOLD
876,RIVIAN AUTOMOTIVE INC CLASS A,US76954A1034,0.0001726054,,,HOLD
877,GAMING AND LEISURE PROPERTIES REIT,US36467J1088,0.000172466,,,HOLD
878,EIFFAGE SA,FR0000130452,0.0001723364,,,HOLD
879,SAMSARA INC CLASS A,US79589L1061,0.0001706905,,,HOLD
880,ACS ACTIVIDADES DE CONSTRUCCION Y,ES0167050915,0.000170667,,,HOLD
881,TOKYO GAS LTD,JP3573000001,0.0001696208,,,HOLD
882,HYDRO ONE LTD,CA4488112083,0.0001693269,,,HOLD
883,UNITED THERAPEUTICS CORP,US91307C1027,0.0001691156,,,HOLD
884,SMITHS GROUP PLC,GB00B1WY2338,0.0001691133,,,HOLD
885,SCENTRE GROUP UNIT,AU000000SCG8,0.0001682632,,,HOLD
886,POUND STERLING,_CURRENCYGBP,0.0001679066,,,HOLD
887,ESSENTIAL UTILITIES INC,US29670G1022,0.0001673897,,,HOLD
888,UDR REIT INC,US9026531049,0.0001670467,,,HOLD
889,SANTOS LTD,AU000000STO6,0.0001670128,,,HOLD
890,AGEAS SA,BE0974264930,0.000166422,,,HOLD
891,SINGAPORE EXCHANGE LTD,SG1J26887955,0.0001663217,,,HOLD
892,AKAMAI TECHNOLOGIES INC,US00971T1016,0.0001656944,,,HOLD
893,W. P. CAREY REIT INC,US92936U1097,0.0001650718,,,HOLD
894,LKQ CORP,US5018892084,0.0001648448,,,HOLD
895,KUBOTA CORP,JP3266400005,0.000164835,,,HOLD
896,ISRAEL DISCOUNT BANK LTD,IL0006912120,0.0001646813,,,HOLD
897,CAR GROUP LTD,AU000000CAR3,0.0001644115,,,HOLD
898,MITSUI OSK LINES LTD,JP3362700001,0.0001644102,,,HOLD
899,TELSTRA GROUP LTD,AU000000TLS2,0.0001637986,,,HOLD
900,CAPITALAND INTEGRATED COMMERCIAL T,SG1M51904654,0.0001636158,,,HOLD
901,FISHER AND PAYKEL HEALTHCARE CORPO,NZFAPE0001S2,0.0001625232,,,HOLD
902,ALLEGION PLC,IE00BFRT3W74,0.0001624499,,,HOLD
903,OBIC LTD,JP3173400007,0.0001623775,,,HOLD
904,POOL CORP,US73278L1052,0.000162237,,,HOLD
905,WEST JAPAN RAILWAY,JP3659000008,0.0001621914,,,HOLD
906,NITTO DENKO CORP,JP3684000007,0.0001615592,,,HOLD
907,UNIBAIL RODAMCO WE STAPLED UNITS S,FR0013326246,0.0001611348,,,HOLD
908,MEDIOBANCA BANCA DI CREDITO FINANZ,IT0000062957,0.0001606342,,,HOLD
909,HEICO CORP,US4228061093,0.0001605245,,,HOLD
910,INSURANCE AUSTRALIA GROUP LTD,AU000000IAG3,0.0001601134,,,HOLD
911,HENKEL & KGAA PREF AG,DE0006048432,0.0001597866,,,HOLD
912,JM SMUCKER,US8326964058,0.0001593368,,,HOLD
913,JACK HENRY AND ASSOCIATES INC,US4262811015,0.0001593254,,,HOLD
914,SNAM,IT0003153415,0.0001586082,,,HOLD
915,OWENS CORNING,US6907421019,0.0001582975,,,HOLD
916,FUJIKURA LTD,JP3811000003,0.0001581238,,,HOLD
917,KANSAI ELECTRIC POWER INC,JP3228600007,0.000157963,,,HOLD
918,OBAYASHI CORP,JP3190000004,0.000157936,,,HOLD
919,ROYALTY PHARMA PLC CLASS A,GB00BMVP7Y09,0.0001576216,,,HOLD
920,SEI INVESTMENTS,US7841171033,0.0001575821,,,HOLD
921,SOLVENTUM CORP,US83444M1018,0.0001574451,,,HOLD
922,DESCARTES SYSTEMS GROUP INC,CA2499061083,0.0001573668,,,HOLD
923,ALEXANDRIA REAL ESTATE EQUITIES RE,US0152711091,0.0001572826,,,HOLD
924,JUNIPER NETWORKS INC,US48203R1041,0.0001572338,,,HOLD
925,STANTEC INC,CA85472N1096,0.0001570086,,,HOLD
926,BE SEMICONDUCTOR INDUSTRIES NV,NL0012866412,0.0001564226,,,HOLD
927,NEUROCRINE BIOSCIENCES INC,US64125C1099,0.0001559661,,,HOLD
928,UNIVERSAL HEALTH SERVICES INC CLAS,US9139031002,0.0001551122,,,HOLD
929,HEALTHPEAK PROPERTIES INC,US42250P1030,0.0001544604,,,HOLD
930,EVOLUTION,SE0012673267,0.0001542461,,,HOLD
931,BANK OF IRELAND GROUP PLC,IE00BD1RP616,0.0001542126,,,HOLD
932,ALIGN TECHNOLOGY INC,US0162551016,0.0001539635,,,HOLD
933,MIZRAHI TEFAHOT BANK LTD,IL0006954379,0.000153763,,,HOLD
934,KIRIN HOLDINGS LTD,JP3258000003,0.0001537354,,,HOLD
935,FIRST QUANTUM MINERALS LTD,CA3359341052,0.0001535543,,,HOLD
936,IMPERIAL OIL LTD,CA4530384086,0.0001535156,,,HOLD
937,INPEX CORP,JP3294460005,0.0001528079,,,HOLD
938,COLOPLAST CLASS B,DK0060448595,0.0001526184,,,HOLD
939,CARREFOUR SA,FR0000120172,0.0001517866,,,HOLD
940,SWISS PRIME SITE AG,CH0008038389,0.0001515839,,,HOLD
941,TORAY INDUSTRIES INC,JP3621000003,0.000151387,,,HOLD
942,REDEIA CORPORACION SA,ES0173093024,0.0001513834,,,HOLD
943,HONG KONG AND CHINA GAS LTD,HK0003000038,0.0001512194,,,HOLD
944,RENTOKIL INITIAL PLC,GB00B082RF11,0.0001510326,,,HOLD
945,GALDERMA GROUP N AG,CH1335392721,0.0001499344,,,HOLD
946,PAN PACIFIC INTERNATIONAL HOLDINGS,JP3639650005,0.0001490555,,,HOLD
947,EQT,SE0012853455,0.0001488328,,,HOLD
948,BUREAU VERITAS SA,FR0006174348,0.0001482132,,,HOLD
949,CH ROBINSON WORLDWIDE INC,US12541W2098,0.0001480173,,,HOLD
950,JAPAN EXCHANGE GROUP INC,JP3183200009,0.0001471488,,,HOLD
951,COCA COLA HBC AG,CH0198251305,0.0001471083,,,HOLD
952,ENTEGRIS INC,US29362U1043,0.0001470468,,,HOLD
953,CAMDEN PROPERTY TRUST REIT,US1331311027,0.0001468289,,,HOLD
954,THE LOTTERY CORPORATION LTD,AU0000219529,0.0001467931,,,HOLD
955,SKYWORKS SOLUTIONS INC,US83088M1027,0.0001467307,,,HOLD
956,QIAGEN NV,NL0015002CX3,0.0001466267,,,HOLD
957,ORIGIN ENERGY LTD,AU000000ORG5,0.0001464075,,,HOLD
958,EPIROC CLASS B,SE0015658117,0.0001463399,,,HOLD
959,AUTO TRADER GROUP PLC,GB00BVYVFW23,0.0001461565,,,HOLD
960,HENKEL AG,DE0006048408,0.0001460882,,,HOLD
961,MANHATTAN ASSOCIATES INC,US5627501092,0.0001460089,,,HOLD
962,TREND MICRO INC,JP3637300009,0.0001458272,,,HOLD
963,SUBARU CORP,JP3814800003,0.0001451231,,,HOLD
964,UNITED UTILITIES GROUP PLC,GB00B39J2M42,0.0001450347,,,HOLD
965,NORDSON CORP,US6556631025,0.0001450264,,,HOLD
966,ACCOR SA,FR0000120404,0.0001449451,,,HOLD
967,MOWI,NO0003054108,0.0001448934,,,HOLD
968,STOCKLAND STAPLED UNITS LTD,AU000000SGP0,0.0001448163,,,HOLD
969,ZILLOW GROUP INC CLASS C,US98954M2008,0.0001447528,,,HOLD
970,GRAB HOLDINGS LTD CLASS A,KYG4124C1096,0.0001444773,,,HOLD
971,M&G PLC,GB00BKFB1C65,0.0001444068,,,HOLD
972,KAJIMA CORP,JP3210200006,0.0001443354,,,HOLD
973,CAPITALAND ASCENDAS REIT,SG1M77906915,0.0001439647,,,HOLD
974,MONDAYCOM LTD,IL0011762130,0.0001436865,,,HOLD
975,AMERICAN HOMES  RENT REIT CLASS A,US02665T3068,0.0001436048,,,HOLD
976,ANNALY CAPITAL MANAGEMENT REIT INC,US0357108390,0.0001432202,,,HOLD
977,CROWN HOLDINGS INC,US2283681060,0.0001430539,,,HOLD
978,ASX LTD,AU000000ASX7,0.0001430489,,,HOLD
979,INTERTEK GROUP PLC,GB0031638363,0.0001426289,,,HOLD
980,COVESTRO V AG,DE000A40KY26,0.0001421101,,,HOLD
981,CNH INDUSTRIAL N.V. NV,NL0010545661,0.0001420293,,,HOLD
982,COCHLEAR LTD,AU000000COH5,0.0001419789,,,HOLD
983,ASAHI KASEI CORP,JP3111200006,0.0001419667,,,HOLD
984,GFL ENVIRONMENTAL SUBORDINATE VOTI,CA36168Q1046,0.0001408075,,,HOLD
985,EQUITY LIFESTYLE PROPERTIES REIT I,US29472R1086,0.0001404248,,,HOLD
986,SHIMANO INC,JP3358000002,0.0001402304,,,HOLD
987,ELISA,FI0009007884,0.000140073,,,HOLD
988,SVENSKA CELLULOSA AKTIEBOLAGET SCA,SE0000112724,0.000139834,,,HOLD
989,BIOMARIN PHARMACEUTICAL INC,US09061G1013,0.0001394977,,,HOLD
990,JAMES HARDIE INDUSTRIES CDI PLC,AU000000JHX1,0.0001392958,,,HOLD
991,REGENCY CENTERS REIT CORP,US7588491032,0.0001392164,,,HOLD
992,CARLYLE GROUP INC,US14316J1088,0.0001388411,,,HOLD
993,MAGNA INTERNATIONAL INC,CA5592224011,0.0001384796,,,HOLD
994,BUNGE GLOBAL SA,CH1300646267,0.0001382518,,,HOLD
995,REVVITY INC,US7140461093,0.000137631,,,HOLD
996,MODERNA INC,US60770K1079,0.000137311,,,HOLD
997,SUMITOMO REALTY & DEVELOPMENT LTD,JP3409000001,0.0001370436,,,HOLD
998,CK ASSET HOLDINGS LTD,KYG2177B1014,0.0001369645,,,HOLD
999,ROCHE HOLDING AG,CH0012032113,0.0001363987,,,HOLD
1000,SEVERN TRENT PLC,GB00B1FH8J72,0.000135642,,,HOLD
1001,WISE PLC CLASS A,GB00BL9YR756,0.0001356201,,,HOLD
1002,ALLY FINANCIAL INC,US02005N1000,0.0001351391,,,HOLD
1003,RAKUTEN GROUP INC,JP3967200001,0.0001344954,,,HOLD
1004,ROKU INC CLASS A,US77543R1023,0.0001342728,,,HOLD
1005,VAT GROUP AG,CH0311864901,0.0001340972,,,HOLD
1006,WPP PLC,JE00B8KF9B49,0.0001339825,,,HOLD
1007,INCYTE CORP,US45337C1027,0.0001339067,,,HOLD
1008,NICE LTD,IL0002730112,0.0001333904,,,HOLD
1009,SECURITAS CLASS B,SE0000163594,0.0001329157,,,HOLD
1010,ADMIRAL GROUP PLC,GB00B02J6398,0.0001326704,,,HOLD
1011,EXACT SCIENCES CORP,US30063P1057,0.0001326702,,,HOLD
1012,HANG SENG BANK LTD,HK0011000095,0.0001323307,,,HOLD
1013,INDUTRADE,SE0001515552,0.0001322973,,,HOLD
1014,EPAM SYSTEMS INC,US29414B1044,0.0001322239,,,HOLD
1015,FIRSTSERVICE SUBORDINATE VOTING CO,CA33767E2024,0.0001317928,,,HOLD
1016,GALAXY ENTERTAINMENT GROUP LTD,HK0027032686,0.0001314265,,,HOLD
1017,SWISS FRANC,_CURRENCYCHF,0.0001310582,,,HOLD
1018,SNAP INC CLASS A,US83304A1060,0.0001308892,,,HOLD
1019,POWER ASSETS HOLDINGS LTD,HK0006000050,0.0001307553,,,HOLD
1020,KUEHNE UND NAGEL INTERNATIONAL AG,CH0025238863,0.0001306051,,,HOLD
1021,CAPCOM LTD,JP3218900003,0.0001305502,,,HOLD
1022,LASERTEC CORP,JP3979200007,0.0001300437,,,HOLD
1023,GEORGE WESTON LTD,CA9611485090,0.0001299935,,,HOLD
1024,STANLEY BLACK & DECKER INC,US8545021011,0.0001294696,,,HOLD
1025,LY CORP,JP3933800009,0.0001287563,,,HOLD
1026,JB HUNT TRANSPORT SERVICES INC,US4456581077,0.0001285887,,,HOLD
1027,ROGERS COMMUNICATIONS NON-VOTING I,CA7751092007,0.000128458,,,HOLD
1028,POSTE ITALIANE,IT0003796171,0.0001284274,,,HOLD
1029,ELBIT SYSTEMS LTD,IL0010811243,0.0001281467,,,HOLD
1030,CENTRICA PLC,GB00B033F229,0.0001280449,,,HOLD
1031,PAN AMERICAN SILVER CORP,CA6979001089,0.0001272266,,,HOLD
1032,BUNZL,GB00B0744B38,0.0001265907,,,HOLD
1033,KLEPIERRE REIT SA,FR0000121964,0.0001261583,,,HOLD
1034,T&D HOLDINGS INC,JP3539220008,0.0001260856,,,HOLD
1035,EASTMAN CHEMICAL,US2774321002,0.0001256931,,,HOLD
1036,VIATRIS INC,US92556V1061,0.0001253092,,,HOLD
1037,ORKLA,NO0003733800,0.0001251945,,,HOLD
1038,NIPPON BUILDING FUND REIT INC,JP3027670003,0.0001251566,,,HOLD
1039,DICKS SPORTING INC,US2533931026,0.0001249463,,,HOLD
1040,NEWS CORP CLASS A,US65249B1098,0.0001248579,,,HOLD
1041,WARTSILA,FI0009003727,0.0001245862,,,HOLD
1042,SEGRO REIT PLC,GB00B5ZN1N88,0.0001244453,,,HOLD
1043,BRENNTAG,DE000A1DAHH0,0.000123859,,,HOLD
1044,MARKS AND SPENCER GROUP PLC,GB0031274896,0.0001232375,,,HOLD
1045,PRO MEDICUS LTD,AU000000PME8,0.0001230504,,,HOLD
1046,MOLSON COORS BEVERAGE COMPANY CLAS,US60871R2094,0.0001228044,,,HOLD
1047,RENAULT SA,FR0000131906,0.000122756,,,HOLD
1048,INTERPUBLIC GROUP OF COMPANIES INC,US4606901001,0.0001223849,,,HOLD
1049,ABN AMRO BANK NV,NL0011540547,0.000121996,,,HOLD
1050,HOST HOTELS & RESORTS REIT INC,US44107P1049,0.000121955,,,HOLD
1051,CCL INDUSTRIES INC CLASS B,CA1249003098,0.0001202076,,,HOLD
1052,WH GROUP LTD,KYG960071028,0.000120114,,,HOLD
1053,AMERICAN FINANCIAL GROUP INC,US0259321042,0.0001200667,,,HOLD
1054,WALGREEN BOOTS ALLIANCE INC,US9314271084,0.0001199112,,,HOLD
1055,TRYG,DK0060636678,0.0001198223,,,HOLD
1056,ALSTOM SA,FR0010220475,0.0001196437,,,HOLD
1057,CTS EVENTIM AG,DE0005470306,0.0001195357,,,HOLD
1058,SCOUT24 N,DE000A12DM80,0.0001191066,,,HOLD
1059,SCHINDLER HOLDING AG,CH0024638212,0.0001189252,,,HOLD
1060,BPER BANCA,IT0000066123,0.0001183775,,,HOLD
1061,TELENOR,NO0010063308,0.0001182912,,,HOLD
1062,BARRATT REDROW PLC,GB0000811801,0.0001181703,,,HOLD
1063,SBI HOLDINGS INC,JP3436120004,0.0001175802,,,HOLD
1064,TRELLEBORG CLASS B,SE0000114837,0.000117436,,,HOLD
1065,BXP INC,US1011211018,0.0001165658,,,HOLD
1066,HEINEKEN HOLDING NV,NL0000008977,0.0001165067,,,HOLD
1067,AUCKLAND INTERNATIONAL AIRPORT LTD,NZAIAE0002S6,0.0001159206,,,HOLD
1068,ASSURANT INC,US04621X1081,0.0001154636,,,HOLD
1069,ENDESA SA,ES0130670112,0.0001154222,,,HOLD
1070,TELE2 CLASS B,SE0005190238,0.0001147736,,,HOLD
1071,LIFCO CLASS B,SE0015949201,0.0001144065,,,HOLD
1072,AVANTOR INC,US05352A1007,0.0001138665,,,HOLD
1073,BOUYGUES SA,FR0000120503,0.0001134736,,,HOLD
1074,PEARSON PLC,GB0006776081,0.0001131976,,,HOLD
1075,EVONIK INDUSTRIES AG,DE000EVNK013,0.0001131782,,,HOLD
1076,FORTUM,FI0009007132,0.0001130854,,,HOLD
1077,EXOR NV,NL0012059018,0.0001130656,,,HOLD
1078,CARMAX INC,US1431301027,0.0001128937,,,HOLD
1079,DAYFORCE INC,US15677J1088,0.000112778,,,HOLD
1080,NITORI HOLDINGS LTD,JP3756100008,0.0001127568,,,HOLD
1081,ASR NEDERLAND NV,NL0011872643,0.0001126587,,,HOLD
1082,TELIA COMPANY,SE0000667925,0.0001126197,,,HOLD
1083,ZALANDO,DE000ZAL1111,0.0001124001,,,HOLD
1084,GPT GROUP STAPLED UNITS,AU000000GPT8,0.0001122251,,,HOLD
1085,CONTINENTAL AG,DE0005439004,0.0001122025,,,HOLD
1086,LUNDIN MINING CORP,CA5503721063,0.0001108966,,,HOLD
1087,IA FINANCIAL INC,CA45075E1043,0.0001106389,,,HOLD
1088,OVINTIV INC,US69047Q1022,0.0001103007,,,HOLD
1089,NIBE INDUSTRIER CLASS B,SE0015988019,0.0001101377,,,HOLD
1090,UNICHARM CORP,JP3951600000,0.0001099097,,,HOLD
1091,SYSMEX CORP,JP3351100007,0.0001094574,,,HOLD
1092,A P MOLLER MAERSK CLASS A,DK0010244425,0.0001091869,,,HOLD
1093,GREAT WEST LIFECO INC,CA39138C1068,0.0001091245,,,HOLD
1094,METSO CORPORATION,FI0009014575,0.00010899,,,HOLD
1095,A P MOLLER MAERSK CLASS B,DK0010244508,0.0001089523,,,HOLD
1096,REA GROUP LTD,AU000000REA9,0.0001089071,,,HOLD
1097,TAISEI CORP,JP3443600006,0.0001084988,,,HOLD
1098,ASSOCIATED BRITISH FOODS PLC,GB0006731235,0.0001081267,,,HOLD
1099,A O SMITH CORP,US8318652091,0.0001079909,,,HOLD
1100,AEGON LTD,BMG0112X1056,0.0001070583,,,HOLD
1101,EISAI LTD,JP3160400002,0.0001070139,,,HOLD
1102,ERIE INDEMNITY CLASS A,US29530P1021,0.0001069742,,,HOLD
1103,ELEMENT FLEET MANAGEMENT CORP,CA2861812014,0.0001064817,,,HOLD
1104,OMV AG,AT0000743059,0.0001064653,,,HOLD
1105,AKER BP,NO0010345853,0.0001063837,,,HOLD
1106,BOLIDEN,SE0020050417,0.0001058327,,,HOLD
1107,DCC PLC,IE0002424939,0.0001055014,,,HOLD
1108,WIX.COM LTD,IL0011301780,0.0001051587,,,HOLD
1109,WHITECAP RESOURCES INC,CA96467A2002,0.0001047655,,,HOLD
1110,WYNN RESORTS LTD,US9831341071,0.0001043221,,,HOLD
1111,IVANHOE MINES LTD CLASS A,CA46579R1047,0.0001043194,,,HOLD
1112,APA GROUP UNITS,AU000000APA1,0.0001042478,,,HOLD
1113,DAIWA SECURITIES GROUP INC,JP3502200003,0.0001033661,,,HOLD
1114,KNORR BREMSE AG,DE000KBX1006,0.0001033173,,,HOLD
1115,TOROMONT INDUSTRIES LTD,CA8911021050,0.0001033047,,,HOLD
1116,OSAKA GAS LTD,JP3180400008,0.0001031049,,,HOLD
1117,SOUTH32 LTD,AU000000S320,0.0001029976,,,HOLD
1118,ADDTECH CLASS B,SE0014781795,0.0001021935,,,HOLD
1119,HORMEL FOODS CORP,US4404521001,0.0001020138,,,HOLD
1120,DAIFUKU LTD,JP3497400006,0.000101532,,,HOLD
1121,TENARIS SA,LU2598331598,0.0001003723,,,HOLD
1122,ANTOFAGASTA PLC,GB0000456144,0.0001000865,,,HOLD
1123,EUROFINS SCIENTIFIC,FR0014000MR3,9.96335e-05,,,HOLD
1124,MEDIBANK PRIVATE LTD,AU000000MPL3,9.95656e-05,,,HOLD
1125,MSCI USA Financials UCITS ETF 1D,IE00BCHWNT26,9.91762e-05,,,HOLD
1126,MITSUBISHI CHEMICAL GROUP CORP,JP3897700005,9.9146e-05,,,HOLD
1127,SKF CLASS B,SE0000108227,9.9092e-05,,,HOLD
1128,MELROSE INDUSTRIES PLC,GB00BNGDN821,9.9001e-05,,,HOLD
1129,KEPPEL LTD,SG1U68934629,9.82469e-05,,,HOLD
1130,SINGAPORE TECHNOLOGIES ENGINEERING,SG1F60858221,9.81847e-05,,,HOLD
1131,EDENRED,FR0010908533,9.79899e-05,,,HOLD
1132,NEMETSCHEK,DE0006452907,9.67253e-05,,,HOLD
1133,JARDINE MATHESON HOLDINGS LTD,BMG507361001,9.62994e-05,,,HOLD
1134,COREBRIDGE FINANCIAL INC,US21871X1090,9.58862e-05,,,HOLD
1135,CAE INC,CA1247651088,9.57307e-05,,,HOLD
1136,ALBEMARLE CORP,US0126531013,9.57227e-05,,,HOLD
1137,DELTA AIR LINES INC,US2473617023,9.4807e-05,,,HOLD
1138,BIO TECHNE CORP,US09073M1045,9.47258e-05,,,HOLD
1139,TALANX AG,DE000TLX1005,9.41586e-05,,,HOLD
1140,WHITBREAD PLC,GB00B1KJJ408,9.38318e-05,,,HOLD
1141,HENNES & MAURITZ CLASS B,SE0000106270,9.35207e-05,,,HOLD
1142,BLUESCOPE STEEL LTD,AU000000BSL0,9.33841e-05,,,HOLD
1143,TIS INC,JP3104890003,9.32416e-05,,,HOLD
1144,CHUBU ELECTRIC POWER INC,JP3526600006,9.31877e-05,,,HOLD
1145,SINGAPORE AIRLINES LTD,SG1V61937297,9.31392e-05,,,HOLD
1146,KESKO CLASS B,FI0009000202,9.3039e-05,,,HOLD
1147,ENTAIN PLC,IM00B5VQMV65,9.29885e-05,,,HOLD
1148,GROUPE BRUXELLES LAMBERT NV,BE0003797140,9.27003e-05,,,HOLD
1149,AISIN CORP,JP3102000001,9.26025e-05,,,HOLD
1150,INDUSTRIVARDEN CLASS A,SE0000190126,9.22445e-05,,,HOLD
1151,ORION CLASS B,FI0009014377,9.17271e-05,,,HOLD
1152,JFE HOLDINGS INC,JP3386030005,9.16076e-05,,,HOLD
1153,KAWASAKI KISEN LTD,JP3223800008,9.15609e-05,,,HOLD
1154,ALTAGAS LTD,CA0213611001,9.15465e-05,,,HOLD
1155,YARA INTERNATIONAL,NO0010208051,9.14717e-05,,,HOLD
1156,IMCD NV,NL0010801007,9.14269e-05,,,HOLD
1157,HELVETIA HOLDING AG,CH0466642201,9.07609e-05,,,HOLD
1158,TOKYU CORP,JP3574200006,9.04134e-05,,,HOLD
1159,SHISEIDO LTD,JP3351600006,9.00505e-05,,,HOLD
1160,FOX CORP CLASS B,US35137L2043,8.97667e-05,,,HOLD
1161,RECORDATI INDUSTRIA CHIMICA E FARM,IT0003828271,8.97321e-05,,,HOLD
1162,ALBERTSONS COMPANY INC CLASS A,US0130911037,8.95029e-05,,,HOLD
1163,GILDAN ACTIVEWEAR INC,CA3759161035,8.88372e-05,,,HOLD
1164,BENTLEY SYSTEMS INC CLASS B,US08265T2087,8.83585e-05,,,HOLD
1165,NIPPON PAINT HOLDINGS LTD,JP3749400002,8.77746e-05,,,HOLD
1166,SONIC HEALTHCARE LTD,AU000000SHL7,8.7515e-05,,,HOLD
1167,ISUZU MOTORS LTD,JP3137200006,8.74144e-05,,,HOLD
1168,SKANSKA CLASS B,SE0000113250,8.7021e-05,,,HOLD
1169,AGC INC,JP3112000009,8.6785e-05,,,HOLD
1170,MITSUBISHI HC CAPITAL INC,JP3499800005,8.67799e-05,,,HOLD
1171,JERONIMO MARTINS SA,PTJMT0AE0001,8.63178e-05,,,HOLD
1172,OERSTED,DK0060094928,8.59879e-05,,,HOLD
1173,BEIJER REF CLASS B,SE0015949748,8.57085e-05,,,HOLD
1174,VICINITY CENTRES,AU000000VCX7,8.55711e-05,,,HOLD
1175,KIKKOMAN CORP,JP3240400006,8.54045e-05,,,HOLD
1176,TELEPERFORMANCE,FR0000051807,8.50877e-05,,,HOLD
1177,RICOH LTD,JP3973400009,8.43145e-05,,,HOLD
1178,NORSK HYDRO,NO0005052605,8.39509e-05,,,HOLD
1179,REDDIT INC CLASS A,US75734B1008,8.38842e-05,,,HOLD
1180,SCREEN HOLDINGS LTD,JP3494600004,8.37259e-05,,,HOLD
1181,BROWN FORMAN CORP CLASS B,US1156372096,8.363e-05,,,HOLD
1182,DASSAULT AVIATION SA,FR0014004L86,8.35306e-05,,,HOLD
1183,DAVITA INC,US23918K1088,8.34887e-05,,,HOLD
1184,OPEN TEXT CORP,CA6837151068,8.34175e-05,,,HOLD
1185,SGH LTD,AU0000364754,8.33473e-05,,,HOLD
1186,SARTORIUS STEDIM BIOTECH SA,FR0013154002,8.32554e-05,,,HOLD
1187,MONDI PLC,GB00BMWC6P49,8.31943e-05,,,HOLD
1188,TOPPAN HOLDINGS INC,JP3629000005,8.27352e-05,,,HOLD
1189,TELUS CORP,CA87971M1032,8.26791e-05,,,HOLD
1190,UNITED AIRLINES HOLDINGS INC,US9100471096,8.21821e-05,,,HOLD
1191,TFI INTERNATIONAL INC,CA87241L1094,8.15522e-05,,,HOLD
1192,MGM RESORTS INTERNATIONAL,US5529531015,8.14499e-05,,,HOLD
1193,GECINA SA,FR0010040865,8.13964e-05,,,HOLD
1194,GALP ENERGIA SGPS SA CLASS B,PTGAL0AM0009,8.13595e-05,,,HOLD
1195,SARTORIUS PREF AG,DE0007165631,8.13584e-05,,,HOLD
1196,NISSAN MOTOR LTD,JP3672400003,8.04754e-05,,,HOLD
1197,KINGFISHER PLC,GB0033195214,8.04451e-05,,,HOLD
1198,AMUNDI SA,FR0004125920,8.01517e-05,,,HOLD
1199,CONCORDIA FINANCIAL GROUP LTD,JP3305990008,7.99809e-05,,,HOLD
1200,EMPIRE LTD CLASS A,CA2918434077,7.97678e-05,,,HOLD
1201,FASTIGHETS BALDER CLASS B,SE0017832488,7.87814e-05,,,HOLD
1202,KEYERA CORP,CA4932711001,7.86532e-05,,,HOLD
1203,SCSK CORP,JP3400400002,7.83083e-05,,,HOLD
1204,SIG GROUP N AG,CH0435377954,7.82568e-05,,,HOLD
1205,SWEDISH KRONA,_CURRENCYSEK,7.80519e-05,,,HOLD
1206,FUTU HOLDINGS ADR LTD,US36118L1061,7.7649e-05,,,HOLD
1207,MEIJI HOLDINGS LTD,JP3918000005,7.73736e-05,,,HOLD
1208,MAKITA CORP,JP3862400003,7.72113e-05,,,HOLD
1209,M3 INC,JP3435750009,7.69415e-05,,,HOLD
1210,YAMAHA MOTOR LTD,JP3942800008,7.68561e-05,,,HOLD
1211,MATSUKIYOKARA,JP3869010003,7.60098e-05,,,HOLD
1212,YOKOGAWA ELECTRIC CORP,JP3955000009,7.56286e-05,,,HOLD
1213,SEKISUI CHEMICAL LTD,JP3419400001,7.53436e-05,,,HOLD
1214,AUSTRALIAN DOLLAR,_CURRENCYAUD,7.52466e-05,,,HOLD
1215,TOHO (TOKYO) LTD,JP3598600009,7.51258e-05,,,HOLD
1216,FORTUNE BRANDS INNOVATIONS INC,US34964C1062,7.46292e-05,,,HOLD
1217,HANKYU HANSHIN HOLDINGS INC,JP3774200004,7.41817e-05,,,HOLD
1218,SWEDISH ORPHAN BIOVITRUM,SE0000872095,7.40612e-05,,,HOLD
1219,UNIPOL GRUPPO FINANZIARIO,IT0004810054,7.37638e-05,,,HOLD
1220,NISSIN FOODS HOLDINGS LTD,JP3675600005,7.37523e-05,,,HOLD
1221,HULIC LTD,JP3360800001,7.37183e-05,,,HOLD
1222,MSCI USA Consumer Staples UCITS ETF 1D,IE00BGQYRQ28,7.36236e-05,,,HOLD
1223,THE CAMPBELL S COMPANY,US1344291091,7.33981e-05,,,HOLD
1224,GETLINK,FR0010533075,7.32065e-05,,,HOLD
1225,AZRIELI GROUP LTD,IL0011194789,7.27155e-05,,,HOLD
1226,JDE PEETS NV,NL0014332678,7.25615e-05,,,HOLD
1227,JAPANESE YEN,_CURRENCYJPY,7.22731e-05,,,HOLD
1228,DAI NIPPON PRINTING LTD,JP3493800001,7.20062e-05,,,HOLD
1229,ZENSHO HOLDINGS LTD,JP3429300001,7.18734e-05,,,HOLD
1230,LAND SECURITIES GROUP REIT PLC,GB00BYW0PQ60,7.17711e-05,,,HOLD
1231,HONGKONG LAND HOLDINGS LTD,BMG4587L1090,7.14453e-05,,,HOLD
1232,DELIVERY HERO,DE000A2E4K43,7.14323e-05,,,HOLD
1233,DAITO TRUST CONSTRUCTION LTD,JP3486800000,7.1316e-05,,,HOLD
1234,U HAUL NON VOTING SERIES N,US0235865062,7.08734e-05,,,HOLD
1235,ICL GROUP LTD,IL0002810146,7.07599e-05,,,HOLD
1236,SUMITOMO METAL MINING LTD,JP3402600005,7.0298e-05,,,HOLD
1237,BKW N AG,CH0130293662,7.01348e-05,,,HOLD
1238,PORSCHE AUTOMOBIL HOLDING PREF,DE000PAH0038,6.99661e-05,,,HOLD
1239,SAGAX CLASS B,SE0005127818,6.98854e-05,,,HOLD
1240,DEUTSCHE LUFTHANSA AG,DE0008232125,6.98276e-05,,,HOLD
1241,NOVA LTD,IL0010845571,6.96425e-05,,,HOLD
1242,PHOENIX GROUP HOLDINGS PLC,GB00BGXQNP29,6.92098e-05,,,HOLD
1243,STORA ENSO CLASS R,FI0009005961,6.9013e-05,,,HOLD
1244,DENTSU GROUP INC,JP3551520004,6.90063e-05,,,HOLD
1245,OMRON CORP,JP3197800000,6.8129e-05,,,HOLD
1246,BMW PREF AG,DE0005190037,6.81035e-05,,,HOLD
1247,NEXON LTD,JP3758190007,6.77247e-05,,,HOLD
1248,HENDERSON LAND DEVELOPMENT LTD,HK0012000102,6.71235e-05,,,HOLD
1249,ONO PHARMACEUTICAL LTD,JP3197600004,6.70065e-05,,,HOLD
1250,SAINSBURY(J) PLC,GB00B019KW72,6.68712e-05,,,HOLD
1251,INFRATIL LTD,NZIFTE0003S3,6.67907e-05,,,HOLD
1252,CANADIAN TIRE LTD CLASS A,CA1366812024,6.66967e-05,,,HOLD
1253,CRODA INTERNATIONAL PLC,GB00BJFFLV09,6.633e-05,,,HOLD
1254,SHIMADZU CORP,JP3357200009,6.62554e-05,,,HOLD
1255,QUEBECOR INC CLASS B,CA7481932084,6.60271e-05,,,HOLD
1256,LEG IMMOBILIEN N,DE000LEG1110,6.57739e-05,,,HOLD
1257,WASHINGTON H SOUL PATTINSON & COMP,AU000000SOL3,6.55782e-05,,,HOLD
1258,SODEXO SA,FR0000121220,6.55626e-05,,,HOLD
1259,DR ING HC F PORSCHE PRF AG,DE000PAG9113,6.52812e-05,,,HOLD
1260,MTR CORPORATION CORP LTD,HK0066009694,6.52664e-05,,,HOLD
1261,FUJI ELECTRIC LTD,JP3820000002,6.50118e-05,,,HOLD
1262,HYATT HOTELS CORP CLASS A,US4485791028,6.49728e-05,,,HOLD
1263,REXEL SA,FR0010451203,6.48907e-05,,,HOLD
1264,SPIRAX GROUP PLC,GB00BWFGQN14,6.47567e-05,,,HOLD
1265,INFRASTRUTTURE WIRELESS ITALIANE,IT0005090300,6.37242e-05,,,HOLD
1266,YAKULT HONSHA LTD,JP3931600005,6.35134e-05,,,HOLD
1267,SINO LAND LTD,HK0083000502,6.34703e-05,,,HOLD
1268,VERBUND AG,AT0000746409,6.33966e-05,,,HOLD
1269,ACCIONA SA,ES0125220311,6.30803e-05,,,HOLD
1270,FRANKLIN RESOURCES INC,US3546131018,6.29487e-05,,,HOLD
1271,MONOTARO LTD,JP3922950005,6.28945e-05,,,HOLD
1272,HKT TRUST AND HKT UNITS LTD,HK0000093390,6.26283e-05,,,HOLD
1273,ZEALAND PHARMA,DK0060257814,6.24862e-05,,,HOLD
1274,NIPPON SANSO HOLDINGS CORP,JP3711600001,6.23446e-05,,,HOLD
1275,IDEMITSU KOSAN LTD,JP3142500002,6.23404e-05,,,HOLD
1276,CHIBA BANK LTD,JP3511800009,6.18065e-05,,,HOLD
1277,SYENSQO NV,BE0974464977,6.16908e-05,,,HOLD
1278,MSCI USA Energy UCITS ETF 1D,IE00BCHWNS19,6.16833e-05,,,HOLD
1279,DAVIDE CAMPARI MILANO NV,NL0015435975,6.16047e-05,,,HOLD
1280,MERIDIAN ENERGY LTD,NZMELE0002S7,6.12887e-05,,,HOLD
1281,OTSUKA CORP,JP3188200004,6.09672e-05,,,HOLD
1282,MINEBEA MITSUMI INC,JP3906000009,6.08386e-05,,,HOLD
1283,SOUTHWEST AIRLINES,US8447411088,6.05626e-05,,,HOLD
1284,BIOMERIEUX SA,FR0013280286,5.95002e-05,,,HOLD
1285,CHEUNG KONG INFRASTRUCTURE HOLDING,BMG2178K1009,5.89743e-05,,,HOLD
1286,THE SWATCH GROUP AG,CH0012255151,5.87349e-05,,,HOLD
1287,YASKAWA ELECTRIC CORP,JP3932000007,5.8532e-05,,,HOLD
1288,GJENSIDIGE FORSIKRING,NO0010582521,5.71167e-05,,,HOLD
1289,AIR CANADA VOTING AND VARIABLE VOT,CA0089118776,5.67528e-05,,,HOLD
1290,ANA HOLDINGS INC,JP3429800000,5.66637e-05,,,HOLD
1291,BIO RAD LABORATORIES INC CLASS A,US0905722072,5.5631e-05,,,HOLD
1292,SITC INTERNATIONAL HOLDINGS LTD,KYG8187G1055,5.56156e-05,,,HOLD
1293,HOLMEN CLASS B,SE0011090018,5.55e-05,,,HOLD
1294,ONEX CORP,CA68272K1030,5.51558e-05,,,HOLD
1295,SANDS CHINA LTD,KYG7800X1079,5.44894e-05,,,HOLD
1296,HIKMA PHARMACEUTICALS PLC,GB00B0LCW083,5.44187e-05,,,HOLD
1297,ARKEMA SA,FR0010313833,5.41326e-05,,,HOLD
1298,QANTAS AIRWAYS LTD,AU000000QAN2,5.39965e-05,,,HOLD
1299,CAPITALAND INVESTMENT LTD,SGXE62145532,5.38884e-05,,,HOLD
1300,SEIKO EPSON CORP,JP3414750004,5.34903e-05,,,HOLD
1301,NORWEGIAN KRONE,_CURRENCYNOK,5.31463e-05,,,HOLD
1302,DIETEREN GROUP SA,BE0974259880,5.30507e-05,,,HOLD
1303,BROOKFIELD RENEWABLE CORPORATION,CA11285B1085,5.29613e-05,,,HOLD
1304,EMS-CHEMIE HOLDING AG,CH0016440353,5.27759e-05,,,HOLD
1305,TELECOM ITALIA,IT0003497168,5.2612e-05,,,HOLD
1306,TREASURY WINE ESTATES LTD,AU000000TWE9,5.22471e-05,,,HOLD
1307,NESTE,FI0009013296,5.22029e-05,,,HOLD
1308,SALMAR,NO0010310956,5.17418e-05,,,HOLD
1309,YANGZIJIANG SHIPBUILDING (HOLDINGS,SG1U76934819,5.01331e-05,,,HOLD
1310,HIKARI TSUSHIN INC,JP3783420007,4.98916e-05,,,HOLD
1311,ORACLE JAPAN CORP,JP3689500001,4.988e-05,,,HOLD
1312,ROCKWOOL A/S,DK0063855168,4.95955e-05,,,HOLD
1313,SOFINA SA,BE0003717312,4.94301e-05,,,HOLD
1314,AEROPORTS DE PARIS SA,FR0010340141,4.94073e-05,,,HOLD
1315,CONTACT ENERGY LTD,NZCENE0001S6,4.93809e-05,,,HOLD
1316,WEST FRASER TIMBER LTD,CA9528451052,4.89641e-05,,,HOLD
1317,KOBE BUSSAN LTD,JP3291200008,4.88109e-05,,,HOLD
1318,SAPUTO INC,CA8029121057,4.87835e-05,,,HOLD
1319,JD SPORTS FASHION PLC,GB00BM8Q5M07,4.87758e-05,,,HOLD
1320,AVOLTA AG,CH0023405456,4.86328e-05,,,HOLD
1321,ZOZO INC,JP3399310006,4.85146e-05,,,HOLD
1322,JAPAN AIRLINES LTD,JP3705200008,4.80699e-05,,,HOLD
1323,PUMA,DE0006969603,4.78049e-05,,,HOLD
1324,TEMENOS AG,CH0012453913,4.75031e-05,,,HOLD
1325,INPOST SA,LU2290522684,4.74232e-05,,,HOLD
1326,LOTUS BAKERIES NV,BE0003604155,4.7352e-05,,,HOLD
1327,RANDSTAD NV,NL0000379121,4.73187e-05,,,HOLD
1328,SUNTORY BEVERAGE & FOOD LTD,JP3336560002,4.63752e-05,,,HOLD
1329,BOLLORE,FR0000039299,4.61405e-05,,,HOLD
1330,SWIRE PACIFIC LTD A,HK0019000162,4.57916e-05,,,HOLD
1331,JAPAN POST INSURANCE LTD,JP3233250004,4.55328e-05,,,HOLD
1332,WILMAR INTERNATIONAL LTD,SG1T56930848,4.53923e-05,,,HOLD
1333,KYOWA KIRIN LTD,JP3256000005,4.53913e-05,,,HOLD
1334,EDP RENOVAVEIS SA,ES0127797019,4.49343e-05,,,HOLD
1335,IPSEN SA,FR0010259150,4.4684e-05,,,HOLD
1336,SEMBCORP INDUSTRIES LTD,SG1R50925390,4.43658e-05,,,HOLD
1337,WHARF (HOLDINGS) LTD,HK0004000045,4.37341e-05,,,HOLD
1338,LATOUR INVESTMENT CLASS B,SE0010100958,4.37001e-05,,,HOLD
1339,NEXI,IT0005366767,4.36955e-05,,,HOLD
1340,HOSHIZAKI CORP,JP3845770001,4.33306e-05,,,HOLD
1341,RATIONAL AG,DE0007010803,4.29611e-05,,,HOLD
1342,WHARF REAL ESTATE INVESTMENT COMPA,KYG9593A1040,4.27551e-05,,,HOLD
1343,CVC CAPITAL PARTNERS PLC,JE00BRX98089,4.1934e-05,,,HOLD
1344,BARRY CALLEBAUT AG,CH0009002962,4.04942e-05,,,HOLD
1345,INDUSTRIVARDEN CLASS C,SE0000107203,4.01529e-05,,,HOLD
1346,FDJ UNITED,FR0013451333,3.96504e-05,,,HOLD
1347,DEMANT,DK0060738599,3.95167e-05,,,HOLD
1348,LUNDBERGFORETAGEN CLASS B,SE0000108847,3.83143e-05,,,HOLD
1349,GLOBAL E ONLINE LTD,IL0011741688,3.81919e-05,,,HOLD
1350,GENTING SINGAPORE LTD,SGXE21576413,3.80576e-05,,,HOLD
1351,BC VAUD N,CH0531751755,3.74526e-05,,,HOLD
1352,SCHRODERS PLC,GB00BP9LHF23,3.71308e-05,,,HOLD
1353,COVIVIO SA,FR0000064578,3.57371e-05,,,HOLD
1354,EURAZEO,FR0000121121,3.40108e-05,,,HOLD
1355,HONG KONG DOLLAR,_CURRENCYHKD,3.38612e-05,,,HOLD
1356,CANADIAN UTILITIES LTD CLASS A,CA1367178326,3.25322e-05,,,HOLD
1357,GRIFOLS SA CLASS A,ES0171996087,3.23838e-05,,,HOLD
1358,SG HOLDINGS LTD,JP3162770006,3.20725e-05,,,HOLD
1359,DIASORIN,IT0003492391,3.17646e-05,,,HOLD
1360,TOKYO METRO LTD,JP3583900000,3.08852e-05,,,HOLD
1361,IGM FINANCIAL INC,CA4495861060,3.08828e-05,,,HOLD
1362,AMPLIFON,IT0004056880,2.96988e-05,,,HOLD
1363,WESTLAKE CORP,US9604131022,2.84879e-05,,,HOLD
1364,BCE INC,CA05534B7604,2.60298e-05,,,HOLD
1365,REECE LTD,AU000000REH4,2.17101e-05,,,HOLD
1366,NEW ZEALAND DOLLAR,_CURRENCYNZD,1.90899e-05,,,HOLD
1367,CANADIAN DOLLAR,_CURRENCYCAD,1.42434e-05,,,HOLD
1368,NEW ISRAELI SHEQEL,_CURRENCYILS,9.5692e-06,,,HOLD
1369,AMENTUM HOLDINGS INC,US0239391016,2.3982e-06,,,HOLD
1370,SINGAPORE DOLLAR,_CURRENCYSGD,1.993e-07,,,HOLD
1371,DANISH KRONE,_CURRENCYDKK,1.71e-08,,,HOLD
1372,ISRACARD LTD,IL0011574030,1e-10,,,HOLD
1373,NMC HEALTH PLC,GB00B7FC0762,,,,HOLD
1374,CONSTELLATION SOFTWARE INC,CA21037X1345,,,,HOLD
1375,MSCI WORLD INDEX  JUN25,___ADI2SVN21,,,,HOLD
